COD_MUNIC,NOME_MUNIC,Ano,IFDM,IFDM_Classificacao,IFDM_Educacao,IFDM_Educacao_Classificacao,IFDM_Saude,IFDM_Saude_Classificacao,IFDM_Renda,IFDM_Renda_Classificacao,Beneficiarios_PBF
330010,Angra dos Reis,2013,0.6387,Moderado,0.3745,Crítico,0.6807,Moderado,0.8609,Alto,33995.0
330010,Angra dos Reis,2014,0.6531,Moderado,0.3917,Crítico,0.6891,Moderado,0.8785,Alto,35754.416666666664
330010,Angra dos Reis,2015,0.6385,Moderado,0.4004,Baixo,0.6887,Moderado,0.8264,Alto,35485.166666666664
330010,Angra dos Reis,2016,0.5974,Baixo,0.363,Crítico,0.6716,Moderado,0.7575,Moderado,35760.25
330010,Angra dos Reis,2017,0.5897,Baixo,0.3862,Crítico,0.6629,Moderado,0.7201,Moderado,31065.083333333332
330010,Angra dos Reis,2018,0.5755,Baixo,0.3664,Crítico,0.6703,Moderado,0.6898,Moderado,29786.75
330010,Angra dos Reis,2019,0.5982,Baixo,0.4109,Baixo,0.6764,Moderado,0.7074,Moderado,30137.833333333332
330010,Angra dos Reis,2020,0.5808,Baixo,0.4421,Baixo,0.6131,Moderado,0.6873,Moderado,32040.0
330010,Angra dos Reis,2021,0.597,Baixo,0.4413,Baixo,0.6312,Moderado,0.7186,Moderado,32668.6
330010,Angra dos Reis,2022,0.6339,Moderado,0.5003,Baixo,0.6235,Moderado,0.7778,Moderado,
330010,Angra dos Reis,2023,0.6623,Moderado,0.544,Baixo,0.6522,Moderado,0.7908,Moderado,48138.9
330015,Aperibé,2013,0.5717,Baixo,0.6333,Moderado,0.4826,Baixo,0.5992,Baixo,2457.0
330015,Aperibé,2014,0.619,Moderado,0.662,Moderado,0.6204,Moderado,0.5745,Baixo,2349.5
330015,Aperibé,2015,0.568,Baixo,0.632,Moderado,0.5036,Baixo,0.5685,Baixo,2150.5833333333335
330015,Aperibé,2016,0.6032,Moderado,0.6185,Moderado,0.649,Moderado,0.5421,Baixo,2173.1666666666665
330015,Aperibé,2017,0.6212,Moderado,0.6519,Moderado,0.6644,Moderado,0.5472,Baixo,1936.1666666666667
330015,Aperibé,2018,0.5676,Baixo,0.6365,Moderado,0.5194,Baixo,0.547,Baixo,1804.5833333333333
330015,Aperibé,2019,0.5894,Baixo,0.6858,Moderado,0.5186,Baixo,0.5638,Baixo,1845.5833333333333
330015,Aperibé,2020,0.6334,Moderado,0.6944,Moderado,0.6228,Moderado,0.5831,Baixo,1914.4166666666667
330015,Aperibé,2021,0.6142,Moderado,0.673,Moderado,0.5492,Baixo,0.6204,Moderado,2036.3
330015,Aperibé,2022,0.6745,Moderado,0.7328,Moderado,0.6723,Moderado,0.6184,Moderado,
330015,Aperibé,2023,0.667,Moderado,0.7228,Moderado,0.6445,Moderado,0.6338,Moderado,2733.4
330020,Araruama,2013,0.533,Baixo,0.4089,Baixo,0.5688,Baixo,0.6213,Moderado,31610.0
330020,Araruama,2014,0.5205,Baixo,0.4147,Baixo,0.5232,Baixo,0.6235,Moderado,32180.583333333332
330020,Araruama,2015,0.529,Baixo,0.4019,Baixo,0.5821,Baixo,0.6029,Moderado,31817.666666666668
330020,Araruama,2016,0.5161,Baixo,0.3903,Crítico,0.5858,Baixo,0.5722,Baixo,31832.0
330020,Araruama,2017,0.5035,Baixo,0.385,Crítico,0.5901,Baixo,0.5354,Baixo,31738.25
330020,Araruama,2018,0.5314,Baixo,0.4079,Baixo,0.6474,Moderado,0.539,Baixo,33687.666666666664
330020,Araruama,2019,0.5394,Baixo,0.4542,Baixo,0.6182,Moderado,0.5457,Baixo,33005.833333333336
330020,Araruama,2020,0.5631,Baixo,0.5113,Baixo,0.6143,Moderado,0.5638,Baixo,30894.166666666668
330020,Araruama,2021,0.5764,Baixo,0.5018,Baixo,0.6247,Moderado,0.6026,Moderado,30218.2
330020,Araruama,2022,0.6195,Moderado,0.5436,Baixo,0.6315,Moderado,0.6833,Moderado,
330020,Araruama,2023,0.6606,Moderado,0.5805,Baixo,0.6981,Moderado,0.7033,Moderado,41418.9
330022,Areal,2013,0.6244,Moderado,0.4181,Baixo,0.6297,Moderado,0.8254,Alto,3131.0
330022,Areal,2014,0.642,Moderado,0.4309,Baixo,0.6813,Moderado,0.8138,Alto,3240.75
330022,Areal,2015,0.6221,Moderado,0.4697,Baixo,0.5599,Baixo,0.8368,Alto,3169.25
330022,Areal,2016,0.611,Moderado,0.4884,Baixo,0.5686,Baixo,0.7761,Moderado,3109.3333333333335
330022,Areal,2017,0.6133,Moderado,0.5262,Baixo,0.5348,Baixo,0.7789,Moderado,3103.5
330022,Areal,2018,0.6415,Moderado,0.5041,Baixo,0.6572,Moderado,0.7631,Moderado,2977.8333333333335
330022,Areal,2019,0.633,Moderado,0.5941,Baixo,0.5421,Baixo,0.7629,Moderado,2816.9166666666665
330022,Areal,2020,0.6889,Moderado,0.6072,Moderado,0.7355,Moderado,0.7241,Moderado,2820.5
330022,Areal,2021,0.6746,Moderado,0.6005,Moderado,0.7064,Moderado,0.7169,Moderado,2821.3
330022,Areal,2022,0.6826,Moderado,0.6316,Moderado,0.6838,Moderado,0.7325,Moderado,
330022,Areal,2023,0.7251,Moderado,0.6828,Moderado,0.7514,Moderado,0.7412,Moderado,3008.8
330023,Armação dos Búzios,2013,0.6004,Moderado,0.3173,Crítico,0.6751,Moderado,0.8088,Alto,5207.0
330023,Armação dos Búzios,2014,0.6073,Moderado,0.3519,Crítico,0.6654,Moderado,0.8047,Alto,5213.75
330023,Armação dos Búzios,2015,0.6135,Moderado,0.3822,Crítico,0.6445,Moderado,0.8138,Alto,5005.666666666667
330023,Armação dos Búzios,2016,0.6267,Moderado,0.3972,Crítico,0.6591,Moderado,0.8238,Alto,4584.083333333333
330023,Armação dos Búzios,2017,0.6497,Moderado,0.4339,Baixo,0.654,Moderado,0.8611,Alto,4003.0833333333335
330023,Armação dos Búzios,2018,0.6409,Moderado,0.4246,Baixo,0.6406,Moderado,0.8574,Alto,4334.666666666667
330023,Armação dos Búzios,2019,0.6265,Moderado,0.4397,Baixo,0.6027,Moderado,0.8372,Alto,4992.75
330023,Armação dos Búzios,2020,0.6327,Moderado,0.4883,Baixo,0.589,Baixo,0.8209,Alto,4926.5
330023,Armação dos Búzios,2021,0.641,Moderado,0.4541,Baixo,0.5844,Baixo,0.8844,Alto,5007.1
330023,Armação dos Búzios,2022,0.6854,Moderado,0.5128,Baixo,0.6735,Moderado,0.8699,Alto,
330023,Armação dos Búzios,2023,0.7101,Moderado,0.5449,Baixo,0.6908,Moderado,0.8947,Alto,10546.7
330025,Arraial do Cabo,2013,0.5978,Baixo,0.4902,Baixo,0.611,Moderado,0.6921,Moderado,5550.0
330025,Arraial do Cabo,2014,0.5788,Baixo,0.4933,Baixo,0.626,Moderado,0.617,Moderado,5599.25
330025,Arraial do Cabo,2015,0.5732,Baixo,0.4972,Baixo,0.614,Moderado,0.6084,Moderado,5351.166666666667
330025,Arraial do Cabo,2016,0.5116,Baixo,0.4945,Baixo,0.4755,Baixo,0.5648,Baixo,5548.5
330025,Arraial do Cabo,2017,0.5334,Baixo,0.5145,Baixo,0.512,Baixo,0.5738,Baixo,5385.166666666667
330025,Arraial do Cabo,2018,0.5402,Baixo,0.5017,Baixo,0.5179,Baixo,0.6009,Moderado,5167.166666666667
330025,Arraial do Cabo,2019,0.5802,Baixo,0.5621,Baixo,0.5512,Baixo,0.6273,Moderado,4574.666666666667
330025,Arraial do Cabo,2020,0.5619,Baixo,0.5803,Baixo,0.5327,Baixo,0.5726,Baixo,4618.083333333333
330025,Arraial do Cabo,2021,0.6059,Moderado,0.5702,Baixo,0.5608,Baixo,0.6867,Moderado,4546.9
330025,Arraial do Cabo,2022,0.6256,Moderado,0.6277,Moderado,0.5718,Baixo,0.6774,Moderado,
330025,Arraial do Cabo,2023,0.6414,Moderado,0.6117,Moderado,0.5959,Baixo,0.7167,Moderado,8400.5
330030,Barra do Piraí,2013,0.5242,Baixo,0.3997,Crítico,0.4775,Baixo,0.6953,Moderado,16951.0
330030,Barra do Piraí,2014,0.538,Baixo,0.4119,Baixo,0.5174,Baixo,0.6846,Moderado,16118.416666666666
330030,Barra do Piraí,2015,0.5396,Baixo,0.4193,Baixo,0.529,Baixo,0.6704,Moderado,15970.833333333334
330030,Barra do Piraí,2016,0.5194,Baixo,0.414,Baixo,0.5257,Baixo,0.6186,Moderado,15474.333333333334
330030,Barra do Piraí,2017,0.5019,Baixo,0.4287,Baixo,0.4692,Baixo,0.6078,Moderado,14756.916666666666
330030,Barra do Piraí,2018,0.5194,Baixo,0.4365,Baixo,0.51,Baixo,0.6116,Moderado,14536.333333333334
330030,Barra do Piraí,2019,0.537,Baixo,0.4664,Baixo,0.5302,Baixo,0.6143,Moderado,13890.5
330030,Barra do Piraí,2020,0.5546,Baixo,0.4907,Baixo,0.5511,Baixo,0.622,Moderado,14385.333333333334
330030,Barra do Piraí,2021,0.5687,Baixo,0.4819,Baixo,0.5779,Baixo,0.6462,Moderado,15426.5
330030,Barra do Piraí,2022,0.5953,Baixo,0.5045,Baixo,0.6064,Moderado,0.6751,Moderado,
330030,Barra do Piraí,2023,0.6205,Moderado,0.5193,Baixo,0.6308,Moderado,0.7114,Moderado,20072.7
330040,Barra Mansa,2013,0.6172,Moderado,0.4169,Baixo,0.6805,Moderado,0.7542,Moderado,22228.0
330040,Barra Mansa,2014,0.619,Moderado,0.4335,Baixo,0.6661,Moderado,0.7573,Moderado,20999.0
330040,Barra Mansa,2015,0.6279,Moderado,0.4513,Baixo,0.7196,Moderado,0.7129,Moderado,21441.083333333332
330040,Barra Mansa,2016,0.5942,Baixo,0.4202,Baixo,0.706,Moderado,0.6564,Moderado,20592.916666666668
330040,Barra Mansa,2017,0.5927,Baixo,0.4527,Baixo,0.676,Moderado,0.6494,Moderado,18924.0
330040,Barra Mansa,2018,0.6198,Moderado,0.4547,Baixo,0.7458,Moderado,0.659,Moderado,18404.333333333332
330040,Barra Mansa,2019,0.6128,Moderado,0.5029,Baixo,0.6586,Moderado,0.677,Moderado,18981.833333333332
330040,Barra Mansa,2020,0.6487,Moderado,0.5132,Baixo,0.7456,Moderado,0.6872,Moderado,20265.916666666668
330040,Barra Mansa,2021,0.6588,Moderado,0.5273,Baixo,0.7404,Moderado,0.7088,Moderado,22683.6
330040,Barra Mansa,2022,0.6537,Moderado,0.5722,Baixo,0.6904,Moderado,0.6984,Moderado,
330040,Barra Mansa,2023,0.688,Moderado,0.5918,Baixo,0.7674,Moderado,0.7049,Moderado,33521.8
330045,Belford Roxo,2013,0.394,Crítico,0.3374,Crítico,0.358,Crítico,0.4865,Baixo,122321.0
330045,Belford Roxo,2014,0.4014,Baixo,0.3327,Crítico,0.3733,Crítico,0.4983,Baixo,122709.41666666667
330045,Belford Roxo,2015,0.4104,Baixo,0.3463,Crítico,0.3963,Crítico,0.4885,Baixo,121926.08333333333
330045,Belford Roxo,2016,0.3656,Crítico,0.2865,Crítico,0.3629,Crítico,0.4475,Baixo,126701.33333333333
330045,Belford Roxo,2017,0.3781,Crítico,0.3268,Crítico,0.385,Crítico,0.4225,Baixo,123771.33333333333
330045,Belford Roxo,2018,0.374,Crítico,0.3467,Crítico,0.3553,Crítico,0.4201,Baixo,132761.83333333334
330045,Belford Roxo,2019,0.3792,Crítico,0.3381,Crítico,0.3817,Crítico,0.4177,Baixo,131654.25
330045,Belford Roxo,2020,0.3595,Crítico,0.3801,Crítico,0.3014,Crítico,0.397,Crítico,129360.25
330045,Belford Roxo,2021,0.3651,Crítico,0.3541,Crítico,0.3153,Crítico,0.426,Baixo,128460.0
330045,Belford Roxo,2022,0.3535,Crítico,0.4062,Baixo,0.2404,Crítico,0.4138,Baixo,
330045,Belford Roxo,2023,0.3868,Crítico,0.4326,Baixo,0.274,Crítico,0.4539,Baixo,184097.9
330050,Bom Jardim,2013,0.5537,Baixo,0.3906,Crítico,0.5274,Baixo,0.7432,Moderado,4848.0
330050,Bom Jardim,2014,0.5487,Baixo,0.4064,Baixo,0.4965,Baixo,0.7432,Moderado,4203.416666666667
330050,Bom Jardim,2015,0.5354,Baixo,0.4017,Baixo,0.5061,Baixo,0.6983,Moderado,3619.0833333333335
330050,Bom Jardim,2016,0.495,Baixo,0.3834,Crítico,0.4647,Baixo,0.6369,Moderado,3364.75
330050,Bom Jardim,2017,0.527,Baixo,0.4605,Baixo,0.492,Baixo,0.6286,Moderado,3223.9166666666665
330050,Bom Jardim,2018,0.5732,Baixo,0.4547,Baixo,0.6432,Moderado,0.6216,Moderado,3140.9166666666665
330050,Bom Jardim,2019,0.5754,Baixo,0.495,Baixo,0.6045,Moderado,0.6267,Moderado,3053.9166666666665
330050,Bom Jardim,2020,0.6035,Moderado,0.5009,Baixo,0.6965,Moderado,0.6131,Moderado,3385.5
330050,Bom Jardim,2021,0.5727,Baixo,0.4685,Baixo,0.5962,Baixo,0.6534,Moderado,3598.8
330050,Bom Jardim,2022,0.6081,Moderado,0.5002,Baixo,0.6695,Moderado,0.6546,Moderado,
330050,Bom Jardim,2023,0.5579,Baixo,0.5444,Baixo,0.4735,Baixo,0.6557,Moderado,6295.9
330060,Bom Jesus do Itabapoana,2013,0.5761,Baixo,0.6255,Moderado,0.4796,Baixo,0.6233,Moderado,10999.0
330060,Bom Jesus do Itabapoana,2014,0.5842,Baixo,0.6395,Moderado,0.4919,Baixo,0.6212,Moderado,10878.75
330060,Bom Jesus do Itabapoana,2015,0.5739,Baixo,0.6652,Moderado,0.4546,Baixo,0.6018,Moderado,10520.916666666666
330060,Bom Jesus do Itabapoana,2016,0.5869,Baixo,0.6716,Moderado,0.5045,Baixo,0.5847,Baixo,9884.166666666666
330060,Bom Jesus do Itabapoana,2017,0.6059,Moderado,0.6529,Moderado,0.5985,Baixo,0.5662,Baixo,8417.25
330060,Bom Jesus do Itabapoana,2018,0.5937,Baixo,0.664,Moderado,0.5215,Baixo,0.5955,Baixo,7323.583333333333
330060,Bom Jesus do Itabapoana,2019,0.5842,Baixo,0.7122,Moderado,0.4787,Baixo,0.5617,Baixo,6608.666666666667
330060,Bom Jesus do Itabapoana,2020,0.5957,Baixo,0.7037,Moderado,0.506,Baixo,0.5775,Baixo,6374.833333333333
330060,Bom Jesus do Itabapoana,2021,0.6088,Moderado,0.6694,Moderado,0.5492,Baixo,0.6077,Moderado,6599.0
330060,Bom Jesus do Itabapoana,2022,0.623,Moderado,0.7325,Moderado,0.5238,Baixo,0.6127,Moderado,
330060,Bom Jesus do Itabapoana,2023,0.6317,Moderado,0.7649,Moderado,0.5093,Baixo,0.6209,Moderado,8329.7
330070,Cabo Frio,2013,0.5768,Baixo,0.4214,Baixo,0.5663,Baixo,0.7426,Moderado,39728.0
330070,Cabo Frio,2014,0.5721,Baixo,0.4233,Baixo,0.5723,Baixo,0.7206,Moderado,39170.416666666664
330070,Cabo Frio,2015,0.61,Moderado,0.4534,Baixo,0.6491,Moderado,0.7276,Moderado,37129.333333333336
330070,Cabo Frio,2016,0.5729,Baixo,0.3764,Crítico,0.6338,Moderado,0.7085,Moderado,34360.916666666664
330070,Cabo Frio,2017,0.5737,Baixo,0.4514,Baixo,0.5821,Baixo,0.6876,Moderado,27858.583333333332
330070,Cabo Frio,2018,0.5917,Baixo,0.4391,Baixo,0.6246,Moderado,0.7113,Moderado,29130.5
330070,Cabo Frio,2019,0.593,Baixo,0.4662,Baixo,0.6183,Moderado,0.6944,Moderado,29297.25
330070,Cabo Frio,2020,0.5801,Baixo,0.5175,Baixo,0.5636,Baixo,0.6592,Moderado,31339.083333333332
330070,Cabo Frio,2021,0.5826,Baixo,0.4707,Baixo,0.5563,Baixo,0.7209,Moderado,32094.8
330070,Cabo Frio,2022,0.6198,Moderado,0.5148,Baixo,0.6341,Moderado,0.7106,Moderado,
330070,Cabo Frio,2023,0.6497,Moderado,0.5442,Baixo,0.6383,Moderado,0.7666,Moderado,54600.6
330080,Cachoeiras de Macacu,2013,0.5368,Baixo,0.4261,Baixo,0.5417,Baixo,0.6427,Moderado,13716.0
330080,Cachoeiras de Macacu,2014,0.5444,Baixo,0.4748,Baixo,0.5621,Baixo,0.5963,Baixo,14799.75
330080,Cachoeiras de Macacu,2015,0.5206,Baixo,0.4548,Baixo,0.5422,Baixo,0.5647,Baixo,14724.833333333334
330080,Cachoeiras de Macacu,2016,0.5058,Baixo,0.4306,Baixo,0.5583,Baixo,0.5286,Baixo,14442.25
330080,Cachoeiras de Macacu,2017,0.4999,Baixo,0.4683,Baixo,0.5058,Baixo,0.5255,Baixo,13634.166666666666
330080,Cachoeiras de Macacu,2018,0.5374,Baixo,0.4384,Baixo,0.6299,Moderado,0.5439,Baixo,14758.916666666666
330080,Cachoeiras de Macacu,2019,0.4881,Baixo,0.4654,Baixo,0.4788,Baixo,0.52,Baixo,14510.5
330080,Cachoeiras de Macacu,2020,0.4668,Baixo,0.4181,Baixo,0.4682,Baixo,0.5142,Baixo,13549.916666666666
330080,Cachoeiras de Macacu,2021,0.4986,Baixo,0.4095,Baixo,0.5485,Baixo,0.5377,Baixo,13015.6
330080,Cachoeiras de Macacu,2022,0.5375,Baixo,0.4996,Baixo,0.5532,Baixo,0.5597,Baixo,
330080,Cachoeiras de Macacu,2023,0.5792,Baixo,0.5186,Baixo,0.6384,Moderado,0.5806,Baixo,18640.8
330090,Cambuci,2013,0.4212,Baixo,0.5052,Baixo,0.2995,Crítico,0.459,Baixo,4313.0
330090,Cambuci,2014,0.4237,Baixo,0.506,Baixo,0.3364,Crítico,0.4286,Baixo,4344.833333333333
330090,Cambuci,2015,0.4946,Baixo,0.5601,Baixo,0.4856,Baixo,0.438,Baixo,4168.166666666667
330090,Cambuci,2016,0.5124,Baixo,0.5167,Baixo,0.6018,Moderado,0.4186,Baixo,3984.75
330090,Cambuci,2017,0.5293,Baixo,0.5551,Baixo,0.5991,Baixo,0.4338,Baixo,3579.75
330090,Cambuci,2018,0.4893,Baixo,0.5764,Baixo,0.4708,Baixo,0.4207,Baixo,3343.8333333333335
330090,Cambuci,2019,0.5401,Baixo,0.6103,Moderado,0.5862,Baixo,0.4237,Baixo,3463.0833333333335
330090,Cambuci,2020,0.5263,Baixo,0.5955,Baixo,0.5761,Baixo,0.4074,Baixo,3654.5
330090,Cambuci,2021,0.512,Baixo,0.643,Moderado,0.4453,Baixo,0.4477,Baixo,3679.4
330090,Cambuci,2022,0.5694,Baixo,0.6895,Moderado,0.5832,Baixo,0.4356,Baixo,
330090,Cambuci,2023,0.6023,Moderado,0.7384,Moderado,0.5913,Baixo,0.4771,Baixo,4605.5
330093,Carapebus,2013,0.5503,Baixo,0.3239,Crítico,0.7499,Moderado,0.577,Baixo,3038.0
330093,Carapebus,2014,0.4941,Baixo,0.3516,Crítico,0.5953,Baixo,0.5355,Baixo,3003.1666666666665
330093,Carapebus,2015,0.5454,Baixo,0.4457,Baixo,0.6563,Moderado,0.5342,Baixo,2797.0833333333335
330093,Carapebus,2016,0.5076,Baixo,0.4028,Baixo,0.5965,Baixo,0.5234,Baixo,2810.6666666666665
330093,Carapebus,2017,0.5555,Baixo,0.4481,Baixo,0.7058,Moderado,0.5127,Baixo,2911.1666666666665
330093,Carapebus,2018,0.5597,Baixo,0.4738,Baixo,0.6784,Moderado,0.5268,Baixo,3277.0
330093,Carapebus,2019,0.6328,Moderado,0.6219,Moderado,0.7168,Moderado,0.5598,Baixo,3391.5833333333335
330093,Carapebus,2020,0.6084,Moderado,0.6427,Moderado,0.6639,Moderado,0.5185,Baixo,3115.1666666666665
330093,Carapebus,2021,0.5585,Baixo,0.6179,Moderado,0.5457,Baixo,0.5119,Baixo,3036.4
330093,Carapebus,2022,0.6179,Moderado,0.6194,Moderado,0.6519,Moderado,0.5824,Baixo,
330093,Carapebus,2023,0.6407,Moderado,0.592,Baixo,0.6662,Moderado,0.6639,Moderado,4890.3
330095,Comendador Levy Gasparian,2013,0.6461,Moderado,0.445,Baixo,0.66,Moderado,0.8333,Alto,1780.0
330095,Comendador Levy Gasparian,2014,0.6679,Moderado,0.498,Baixo,0.66,Moderado,0.8457,Alto,1694.0833333333333
330095,Comendador Levy Gasparian,2015,0.6906,Moderado,0.5358,Baixo,0.6956,Moderado,0.8405,Alto,1588.1666666666667
330095,Comendador Levy Gasparian,2016,0.6468,Moderado,0.4904,Baixo,0.6259,Moderado,0.8241,Alto,1562.0
330095,Comendador Levy Gasparian,2017,0.6442,Moderado,0.5109,Baixo,0.6663,Moderado,0.7553,Moderado,1466.3333333333333
330095,Comendador Levy Gasparian,2018,0.6014,Moderado,0.4814,Baixo,0.5546,Baixo,0.7683,Moderado,1492.6666666666667
330095,Comendador Levy Gasparian,2019,0.6898,Moderado,0.6069,Moderado,0.6935,Moderado,0.7691,Moderado,1571.25
330095,Comendador Levy Gasparian,2020,0.6601,Moderado,0.6016,Moderado,0.6554,Moderado,0.7234,Moderado,1637.0
330095,Comendador Levy Gasparian,2021,0.6739,Moderado,0.6092,Moderado,0.653,Moderado,0.7594,Moderado,1677.9
330095,Comendador Levy Gasparian,2022,0.729,Moderado,0.6281,Moderado,0.7786,Moderado,0.7804,Moderado,
330095,Comendador Levy Gasparian,2023,0.6925,Moderado,0.6708,Moderado,0.5853,Baixo,0.8213,Alto,2401.2
330100,Campos dos Goytacazes,2013,0.5279,Baixo,0.4106,Baixo,0.4995,Baixo,0.6736,Moderado,112883.0
330100,Campos dos Goytacazes,2014,0.5678,Baixo,0.4179,Baixo,0.596,Baixo,0.6894,Moderado,106640.0
330100,Campos dos Goytacazes,2015,0.5572,Baixo,0.4552,Baixo,0.5697,Baixo,0.6468,Moderado,109525.58333333333
330100,Campos dos Goytacazes,2016,0.5386,Baixo,0.4244,Baixo,0.5633,Baixo,0.628,Moderado,106175.41666666667
330100,Campos dos Goytacazes,2017,0.5692,Baixo,0.4468,Baixo,0.609,Moderado,0.6517,Moderado,110535.0
330100,Campos dos Goytacazes,2018,0.5744,Baixo,0.427,Baixo,0.6546,Moderado,0.6415,Moderado,115354.25
330100,Campos dos Goytacazes,2019,0.5733,Baixo,0.4694,Baixo,0.6255,Moderado,0.6249,Moderado,120479.58333333333
330100,Campos dos Goytacazes,2020,0.5351,Baixo,0.4547,Baixo,0.5266,Baixo,0.6241,Moderado,127192.83333333333
330100,Campos dos Goytacazes,2021,0.562,Baixo,0.4387,Baixo,0.5918,Baixo,0.6556,Moderado,128310.1
330100,Campos dos Goytacazes,2022,0.5848,Baixo,0.5035,Baixo,0.5935,Baixo,0.6574,Moderado,
330100,Campos dos Goytacazes,2023,0.608,Moderado,0.5663,Baixo,0.5857,Baixo,0.672,Moderado,162678.2
330110,Cantagalo,2013,0.5494,Baixo,0.4469,Baixo,0.5462,Baixo,0.655,Moderado,4574.0
330110,Cantagalo,2014,0.528,Baixo,0.4485,Baixo,0.4684,Baixo,0.6672,Moderado,4445.416666666667
330110,Cantagalo,2015,0.517,Baixo,0.471,Baixo,0.4167,Baixo,0.6633,Moderado,4306.583333333333
330110,Cantagalo,2016,0.5438,Baixo,0.4648,Baixo,0.5389,Baixo,0.6276,Moderado,3987.3333333333335
330110,Cantagalo,2017,0.5433,Baixo,0.4094,Baixo,0.5785,Baixo,0.642,Moderado,3383.0
330110,Cantagalo,2018,0.5217,Baixo,0.4488,Baixo,0.4841,Baixo,0.6322,Moderado,3228.0
330110,Cantagalo,2019,0.5549,Baixo,0.5213,Baixo,0.5031,Baixo,0.6403,Moderado,3085.9166666666665
330110,Cantagalo,2020,0.5368,Baixo,0.5237,Baixo,0.4605,Baixo,0.6262,Moderado,3281.5
330110,Cantagalo,2021,0.5484,Baixo,0.5154,Baixo,0.4891,Baixo,0.6407,Moderado,3464.2
330110,Cantagalo,2022,0.6128,Moderado,0.5615,Baixo,0.6116,Moderado,0.6652,Moderado,
330110,Cantagalo,2023,0.6408,Moderado,0.5757,Baixo,0.6587,Moderado,0.6881,Moderado,4797.3
330115,Cardoso Moreira,2013,0.4696,Baixo,0.3664,Crítico,0.6155,Moderado,0.4269,Baixo,3960.0
330115,Cardoso Moreira,2014,0.51,Baixo,0.3916,Crítico,0.6744,Moderado,0.464,Baixo,3789.6666666666665
330115,Cardoso Moreira,2015,0.4731,Baixo,0.4411,Baixo,0.5093,Baixo,0.4688,Baixo,3415.0833333333335
330115,Cardoso Moreira,2016,0.4884,Baixo,0.4163,Baixo,0.5705,Baixo,0.4785,Baixo,3011.1666666666665
330115,Cardoso Moreira,2017,0.5221,Baixo,0.4824,Baixo,0.6183,Moderado,0.4657,Baixo,2807.9166666666665
330115,Cardoso Moreira,2018,0.5491,Baixo,0.4926,Baixo,0.6876,Moderado,0.4671,Baixo,2929.5
330115,Cardoso Moreira,2019,0.5636,Baixo,0.5615,Baixo,0.6571,Moderado,0.4722,Baixo,3010.8333333333335
330115,Cardoso Moreira,2020,0.5594,Baixo,0.5146,Baixo,0.7041,Moderado,0.4594,Baixo,3089.0833333333335
330115,Cardoso Moreira,2021,0.5408,Baixo,0.5623,Baixo,0.5634,Baixo,0.4967,Baixo,3213.0
330115,Cardoso Moreira,2022,0.5678,Baixo,0.5748,Baixo,0.6117,Moderado,0.5168,Baixo,
330115,Cardoso Moreira,2023,0.5262,Baixo,0.5862,Baixo,0.4438,Baixo,0.5487,Baixo,4150.0
330120,Carmo,2013,0.5675,Baixo,0.5629,Baixo,0.583,Baixo,0.5566,Baixo,4384.0
330120,Carmo,2014,0.5768,Baixo,0.6019,Moderado,0.5656,Baixo,0.5629,Baixo,4386.333333333333
330120,Carmo,2015,0.586,Baixo,0.5838,Baixo,0.6,Moderado,0.5743,Baixo,4281.25
330120,Carmo,2016,0.5885,Baixo,0.5961,Baixo,0.6012,Moderado,0.5681,Baixo,4410.416666666667
330120,Carmo,2017,0.5856,Baixo,0.5776,Baixo,0.614,Moderado,0.5652,Baixo,4367.833333333333
330120,Carmo,2018,0.5664,Baixo,0.5589,Baixo,0.5454,Baixo,0.595,Baixo,4632.583333333333
330120,Carmo,2019,0.6029,Moderado,0.6237,Moderado,0.5591,Baixo,0.6259,Moderado,4581.416666666667
330120,Carmo,2020,0.6225,Moderado,0.6332,Moderado,0.6104,Moderado,0.624,Moderado,4282.25
330120,Carmo,2021,0.6641,Moderado,0.5862,Baixo,0.7421,Moderado,0.6639,Moderado,4192.5
330120,Carmo,2022,0.6716,Moderado,0.6864,Moderado,0.6496,Moderado,0.6789,Moderado,
330120,Carmo,2023,0.6647,Moderado,0.7126,Moderado,0.5918,Baixo,0.6897,Moderado,5377.2
330130,Casimiro de Abreu,2013,0.5902,Baixo,0.4949,Baixo,0.6127,Moderado,0.6631,Moderado,6452.0
330130,Casimiro de Abreu,2014,0.584,Baixo,0.5112,Baixo,0.5867,Baixo,0.6542,Moderado,6201.583333333333
330130,Casimiro de Abreu,2015,0.58,Baixo,0.5309,Baixo,0.5774,Baixo,0.6317,Moderado,6262.333333333333
330130,Casimiro de Abreu,2016,0.5564,Baixo,0.5117,Baixo,0.5442,Baixo,0.6134,Moderado,6128.25
330130,Casimiro de Abreu,2017,0.5674,Baixo,0.5554,Baixo,0.5502,Baixo,0.5965,Baixo,5585.583333333333
330130,Casimiro de Abreu,2018,0.5545,Baixo,0.5402,Baixo,0.5357,Baixo,0.5875,Baixo,5945.416666666667
330130,Casimiro de Abreu,2019,0.561,Baixo,0.5651,Baixo,0.53,Baixo,0.5878,Baixo,5863.916666666667
330130,Casimiro de Abreu,2020,0.5719,Baixo,0.5796,Baixo,0.5509,Baixo,0.5852,Baixo,6577.75
330130,Casimiro de Abreu,2021,0.576,Baixo,0.5876,Baixo,0.5419,Baixo,0.5984,Baixo,6805.7
330130,Casimiro de Abreu,2022,0.6009,Moderado,0.6054,Moderado,0.556,Baixo,0.6414,Moderado,
330130,Casimiro de Abreu,2023,0.6238,Moderado,0.6488,Moderado,0.5862,Baixo,0.6365,Moderado,10552.9
330140,Conceição de Macabu,2013,0.493,Baixo,0.5271,Baixo,0.4388,Baixo,0.5131,Baixo,5075.0
330140,Conceição de Macabu,2014,0.5101,Baixo,0.5271,Baixo,0.5167,Baixo,0.4865,Baixo,5327.333333333333
330140,Conceição de Macabu,2015,0.5649,Baixo,0.5345,Baixo,0.6583,Moderado,0.502,Baixo,5356.916666666667
330140,Conceição de Macabu,2016,0.5295,Baixo,0.5353,Baixo,0.5498,Baixo,0.5033,Baixo,5562.583333333333
330140,Conceição de Macabu,2017,0.5057,Baixo,0.5335,Baixo,0.4911,Baixo,0.4924,Baixo,5760.583333333333
330140,Conceição de Macabu,2018,0.4951,Baixo,0.5462,Baixo,0.4513,Baixo,0.4877,Baixo,5894.083333333333
330140,Conceição de Macabu,2019,0.4846,Baixo,0.5644,Baixo,0.3971,Crítico,0.4924,Baixo,5677.416666666667
330140,Conceição de Macabu,2020,0.5358,Baixo,0.6008,Moderado,0.5372,Baixo,0.4694,Baixo,5472.25
330140,Conceição de Macabu,2021,0.4874,Baixo,0.5976,Baixo,0.3954,Crítico,0.4691,Baixo,5324.9
330140,Conceição de Macabu,2022,0.559,Baixo,0.6354,Moderado,0.5589,Baixo,0.4827,Baixo,
330140,Conceição de Macabu,2023,0.5833,Baixo,0.6585,Moderado,0.556,Baixo,0.5353,Baixo,7881.1
330150,Cordeiro,2013,0.6046,Moderado,0.5252,Baixo,0.555,Baixo,0.7336,Moderado,3190.0
330150,Cordeiro,2014,0.5965,Baixo,0.56,Baixo,0.5299,Baixo,0.6997,Moderado,2918.5
330150,Cordeiro,2015,0.5559,Baixo,0.5469,Baixo,0.4504,Baixo,0.6703,Moderado,2681.25
330150,Cordeiro,2016,0.5632,Baixo,0.5756,Baixo,0.4954,Baixo,0.6187,Moderado,2575.1666666666665
330150,Cordeiro,2017,0.5666,Baixo,0.5733,Baixo,0.4694,Baixo,0.6571,Moderado,2480.5833333333335
330150,Cordeiro,2018,0.6097,Moderado,0.6083,Moderado,0.5105,Baixo,0.7102,Moderado,2805.3333333333335
330150,Cordeiro,2019,0.6033,Moderado,0.6075,Moderado,0.564,Baixo,0.6384,Moderado,2794.8333333333335
330150,Cordeiro,2020,0.5931,Baixo,0.6561,Moderado,0.5281,Baixo,0.5952,Baixo,2912.4166666666665
330150,Cordeiro,2021,0.6227,Moderado,0.6533,Moderado,0.6031,Moderado,0.6118,Moderado,2893.5
330150,Cordeiro,2022,0.6561,Moderado,0.7222,Moderado,0.555,Baixo,0.691,Moderado,
330150,Cordeiro,2023,0.6822,Moderado,0.7471,Moderado,0.6047,Moderado,0.6948,Moderado,4421.9
330160,Duas Barras,2013,0.5109,Baixo,0.4646,Baixo,0.5211,Baixo,0.547,Baixo,2051.0
330160,Duas Barras,2014,0.4665,Baixo,0.4735,Baixo,0.3725,Crítico,0.5536,Baixo,1970.5833333333333
330160,Duas Barras,2015,0.5203,Baixo,0.4686,Baixo,0.5411,Baixo,0.5512,Baixo,2131.8333333333335
330160,Duas Barras,2016,0.4996,Baixo,0.4457,Baixo,0.5284,Baixo,0.5248,Baixo,2073.1666666666665
330160,Duas Barras,2017,0.5072,Baixo,0.4268,Baixo,0.587,Baixo,0.5079,Baixo,1790.75
330160,Duas Barras,2018,0.4954,Baixo,0.4503,Baixo,0.5138,Baixo,0.522,Baixo,1871.0
330160,Duas Barras,2019,0.4964,Baixo,0.5389,Baixo,0.4296,Baixo,0.5206,Baixo,1886.9166666666667
330160,Duas Barras,2020,0.5028,Baixo,0.4917,Baixo,0.5094,Baixo,0.5074,Baixo,1877.1666666666667
330160,Duas Barras,2021,0.5142,Baixo,0.5091,Baixo,0.5329,Baixo,0.5005,Baixo,1969.0
330160,Duas Barras,2022,0.4783,Baixo,0.5994,Baixo,0.3491,Crítico,0.4863,Baixo,
330160,Duas Barras,2023,0.5115,Baixo,0.5819,Baixo,0.4682,Baixo,0.4844,Baixo,2986.8
330170,Duque de Caxias,2013,0.5565,Baixo,0.3397,Crítico,0.5425,Baixo,0.7872,Moderado,220446.0
330170,Duque de Caxias,2014,0.5668,Baixo,0.3575,Crítico,0.5556,Baixo,0.7872,Moderado,212601.66666666666
330170,Duque de Caxias,2015,0.5594,Baixo,0.3508,Crítico,0.5731,Baixo,0.7543,Moderado,202191.58333333334
330170,Duque de Caxias,2016,0.5161,Baixo,0.3234,Crítico,0.5333,Baixo,0.6915,Moderado,183484.33333333334
330170,Duque de Caxias,2017,0.5073,Baixo,0.3615,Crítico,0.4991,Baixo,0.6613,Moderado,156638.75
330170,Duque de Caxias,2018,0.523,Baixo,0.3473,Crítico,0.5585,Baixo,0.6632,Moderado,152202.0
330170,Duque de Caxias,2019,0.5309,Baixo,0.3677,Crítico,0.5563,Baixo,0.6686,Moderado,151260.0
330170,Duque de Caxias,2020,0.5081,Baixo,0.3661,Crítico,0.4977,Baixo,0.6604,Moderado,160522.91666666666
330170,Duque de Caxias,2021,0.5314,Baixo,0.3831,Crítico,0.5335,Baixo,0.6776,Moderado,173709.2
330170,Duque de Caxias,2022,0.5355,Baixo,0.3727,Crítico,0.557,Baixo,0.6769,Moderado,
330170,Duque de Caxias,2023,0.5562,Baixo,0.4174,Baixo,0.5596,Baixo,0.6917,Moderado,284962.9
330180,Engenheiro Paulo de Frontin,2013,0.4808,Baixo,0.4601,Baixo,0.4709,Baixo,0.5115,Baixo,3479.0
330180,Engenheiro Paulo de Frontin,2014,0.5102,Baixo,0.4613,Baixo,0.4861,Baixo,0.5833,Baixo,3617.5
330180,Engenheiro Paulo de Frontin,2015,0.5388,Baixo,0.4889,Baixo,0.5933,Baixo,0.5343,Baixo,3533.6666666666665
330180,Engenheiro Paulo de Frontin,2016,0.5029,Baixo,0.5119,Baixo,0.5008,Baixo,0.496,Baixo,3289.0
330180,Engenheiro Paulo de Frontin,2017,0.5228,Baixo,0.5126,Baixo,0.5508,Baixo,0.5051,Baixo,3286.1666666666665
330180,Engenheiro Paulo de Frontin,2018,0.5041,Baixo,0.5213,Baixo,0.4853,Baixo,0.5058,Baixo,3070.75
330180,Engenheiro Paulo de Frontin,2019,0.5106,Baixo,0.5314,Baixo,0.4901,Baixo,0.5102,Baixo,2731.0
330180,Engenheiro Paulo de Frontin,2020,0.5908,Baixo,0.5564,Baixo,0.6884,Moderado,0.5275,Baixo,2682.1666666666665
330180,Engenheiro Paulo de Frontin,2021,0.5718,Baixo,0.5604,Baixo,0.5737,Baixo,0.5814,Baixo,2648.9
330180,Engenheiro Paulo de Frontin,2022,0.6258,Moderado,0.605,Moderado,0.6739,Moderado,0.5985,Baixo,
330180,Engenheiro Paulo de Frontin,2023,0.6302,Moderado,0.6237,Moderado,0.6565,Moderado,0.6103,Moderado,3603.1
330185,Guapimirim,2013,0.5099,Baixo,0.4484,Baixo,0.5095,Baixo,0.5717,Baixo,14952.0
330185,Guapimirim,2014,0.531,Baixo,0.4707,Baixo,0.5521,Baixo,0.5702,Baixo,15324.0
330185,Guapimirim,2015,0.538,Baixo,0.5059,Baixo,0.6014,Moderado,0.5068,Baixo,15083.666666666666
330185,Guapimirim,2016,0.4786,Baixo,0.4369,Baixo,0.524,Baixo,0.475,Baixo,14809.916666666666
330185,Guapimirim,2017,0.4833,Baixo,0.4775,Baixo,0.4807,Baixo,0.4918,Baixo,13743.583333333334
330185,Guapimirim,2018,0.5012,Baixo,0.433,Baixo,0.5805,Baixo,0.49,Baixo,15482.25
330185,Guapimirim,2019,0.527,Baixo,0.4807,Baixo,0.598,Baixo,0.5022,Baixo,15664.5
330185,Guapimirim,2020,0.5367,Baixo,0.4863,Baixo,0.6245,Moderado,0.4994,Baixo,14849.416666666666
330185,Guapimirim,2021,0.5692,Baixo,0.5403,Baixo,0.6166,Moderado,0.5508,Baixo,14651.5
330185,Guapimirim,2022,0.5793,Baixo,0.5525,Baixo,0.5882,Baixo,0.5973,Baixo,
330185,Guapimirim,2023,0.576,Baixo,0.5478,Baixo,0.5503,Baixo,0.6298,Moderado,22261.8
330187,Iguaba Grande,2013,0.4902,Baixo,0.4848,Baixo,0.5192,Baixo,0.4667,Baixo,5911.0
330187,Iguaba Grande,2014,0.557,Baixo,0.544,Baixo,0.6417,Moderado,0.4853,Baixo,5962.0
330187,Iguaba Grande,2015,0.5343,Baixo,0.5364,Baixo,0.5732,Baixo,0.4932,Baixo,5853.75
330187,Iguaba Grande,2016,0.5407,Baixo,0.5567,Baixo,0.5879,Baixo,0.4774,Baixo,6123.416666666667
330187,Iguaba Grande,2017,0.5179,Baixo,0.535,Baixo,0.5562,Baixo,0.4626,Baixo,5703.5
330187,Iguaba Grande,2018,0.5115,Baixo,0.5286,Baixo,0.5297,Baixo,0.4761,Baixo,5703.25
330187,Iguaba Grande,2019,0.5515,Baixo,0.5958,Baixo,0.5786,Baixo,0.4802,Baixo,5467.083333333333
330187,Iguaba Grande,2020,0.5929,Baixo,0.598,Baixo,0.7207,Moderado,0.46,Baixo,5473.083333333333
330187,Iguaba Grande,2021,0.5388,Baixo,0.5707,Baixo,0.5999,Baixo,0.4457,Baixo,5474.2
330187,Iguaba Grande,2022,0.5832,Baixo,0.6272,Moderado,0.6337,Moderado,0.4886,Baixo,
330187,Iguaba Grande,2023,0.6125,Moderado,0.6791,Moderado,0.6664,Moderado,0.4921,Baixo,9325.7
330190,Itaboraí,2013,0.5826,Baixo,0.3622,Crítico,0.6057,Moderado,0.7799,Moderado,52199.0
330190,Itaboraí,2014,0.5733,Baixo,0.3642,Crítico,0.5906,Baixo,0.7652,Moderado,48589.666666666664
330190,Itaboraí,2015,0.5367,Baixo,0.3657,Crítico,0.5926,Baixo,0.6517,Moderado,46145.083333333336
330190,Itaboraí,2016,0.4896,Baixo,0.3401,Crítico,0.5528,Baixo,0.5758,Baixo,46591.833333333336
330190,Itaboraí,2017,0.4866,Baixo,0.3935,Crítico,0.5299,Baixo,0.5365,Baixo,45542.75
330190,Itaboraí,2018,0.5049,Baixo,0.3733,Crítico,0.5959,Baixo,0.5456,Baixo,50845.583333333336
330190,Itaboraí,2019,0.4914,Baixo,0.408,Baixo,0.5016,Baixo,0.5647,Baixo,52291.0
330190,Itaboraí,2020,0.5221,Baixo,0.4341,Baixo,0.5757,Baixo,0.5565,Baixo,51211.666666666664
330190,Itaboraí,2021,0.5167,Baixo,0.449,Baixo,0.5235,Baixo,0.5777,Baixo,50574.2
330190,Itaboraí,2022,0.5359,Baixo,0.452,Baixo,0.5878,Baixo,0.5679,Baixo,
330190,Itaboraí,2023,0.5617,Baixo,0.4643,Baixo,0.604,Moderado,0.6167,Moderado,84498.0
330200,Itaguaí,2013,0.6185,Moderado,0.4492,Baixo,0.5778,Baixo,0.8285,Alto,28740.0
330200,Itaguaí,2014,0.6394,Moderado,0.462,Baixo,0.6266,Moderado,0.8295,Alto,28413.75
330200,Itaguaí,2015,0.6175,Moderado,0.4636,Baixo,0.6024,Moderado,0.7865,Moderado,27587.666666666668
330200,Itaguaí,2016,0.5851,Baixo,0.4559,Baixo,0.553,Baixo,0.7463,Moderado,26602.75
330200,Itaguaí,2017,0.5804,Baixo,0.4639,Baixo,0.5656,Baixo,0.7118,Moderado,24614.416666666668
330200,Itaguaí,2018,0.5595,Baixo,0.4333,Baixo,0.5292,Baixo,0.7159,Moderado,24833.916666666668
330200,Itaguaí,2019,0.5784,Baixo,0.4836,Baixo,0.5429,Baixo,0.7086,Moderado,25510.666666666668
330200,Itaguaí,2020,0.5956,Baixo,0.4921,Baixo,0.5887,Baixo,0.706,Moderado,26508.916666666668
330200,Itaguaí,2021,0.6016,Moderado,0.4839,Baixo,0.6029,Moderado,0.7181,Moderado,26728.8
330200,Itaguaí,2022,0.6365,Moderado,0.5182,Baixo,0.6531,Moderado,0.7382,Moderado,
330200,Itaguaí,2023,0.6705,Moderado,0.5306,Baixo,0.717,Moderado,0.7639,Moderado,38037.9
330205,Italva,2013,0.5426,Baixo,0.4962,Baixo,0.6587,Moderado,0.4728,Baixo,3111.0
330205,Italva,2014,0.5612,Baixo,0.5494,Baixo,0.6599,Moderado,0.4742,Baixo,3218.3333333333335
330205,Italva,2015,0.5556,Baixo,0.5286,Baixo,0.6477,Moderado,0.4906,Baixo,3167.5
330205,Italva,2016,0.5285,Baixo,0.4959,Baixo,0.5919,Baixo,0.4976,Baixo,3119.9166666666665
330205,Italva,2017,0.547,Baixo,0.5554,Baixo,0.5917,Baixo,0.4939,Baixo,3070.3333333333335
330205,Italva,2018,0.5696,Baixo,0.5147,Baixo,0.6877,Moderado,0.5064,Baixo,2950.1666666666665
330205,Italva,2019,0.5143,Baixo,0.5761,Baixo,0.4474,Baixo,0.5193,Baixo,2803.9166666666665
330205,Italva,2020,0.551,Baixo,0.5143,Baixo,0.5848,Baixo,0.554,Baixo,2798.75
330205,Italva,2021,0.5489,Baixo,0.5337,Baixo,0.5636,Baixo,0.5494,Baixo,2823.1
330205,Italva,2022,0.5775,Baixo,0.6075,Moderado,0.5603,Baixo,0.5647,Baixo,
330205,Italva,2023,0.5749,Baixo,0.6526,Moderado,0.478,Baixo,0.5941,Baixo,3515.4
330210,Itaocara,2013,0.4656,Baixo,0.5615,Baixo,0.2675,Crítico,0.5678,Baixo,6009.0
330210,Itaocara,2014,0.5243,Baixo,0.5442,Baixo,0.4446,Baixo,0.5842,Baixo,5759.583333333333
330210,Itaocara,2015,0.498,Baixo,0.5222,Baixo,0.3999,Crítico,0.572,Baixo,5261.0
330210,Itaocara,2016,0.4643,Baixo,0.5203,Baixo,0.3247,Crítico,0.5479,Baixo,4895.75
330210,Itaocara,2017,0.5129,Baixo,0.5242,Baixo,0.4877,Baixo,0.5269,Baixo,4044.9166666666665
330210,Itaocara,2018,0.5477,Baixo,0.5349,Baixo,0.5791,Baixo,0.5291,Baixo,3862.4166666666665
330210,Itaocara,2019,0.5882,Baixo,0.6272,Moderado,0.6063,Moderado,0.5312,Baixo,3691.0
330210,Itaocara,2020,0.5874,Baixo,0.6678,Moderado,0.561,Baixo,0.5333,Baixo,3924.75
330210,Itaocara,2021,0.6004,Moderado,0.6525,Moderado,0.597,Baixo,0.5518,Baixo,4238.4
330210,Itaocara,2022,0.6128,Moderado,0.6897,Moderado,0.566,Baixo,0.5826,Baixo,
330210,Itaocara,2023,0.6682,Moderado,0.7105,Moderado,0.7214,Moderado,0.5728,Baixo,5279.1
330220,Itaperuna,2013,0.652,Moderado,0.5524,Baixo,0.7083,Moderado,0.6953,Moderado,17949.0
330220,Itaperuna,2014,0.6503,Moderado,0.5891,Baixo,0.6593,Moderado,0.7026,Moderado,16984.833333333332
330220,Itaperuna,2015,0.6645,Moderado,0.6107,Moderado,0.6868,Moderado,0.6961,Moderado,15809.25
330220,Itaperuna,2016,0.6471,Moderado,0.6095,Moderado,0.6554,Moderado,0.6763,Moderado,13752.5
330220,Itaperuna,2017,0.6671,Moderado,0.6346,Moderado,0.6901,Moderado,0.6767,Moderado,10965.333333333334
330220,Itaperuna,2018,0.6861,Moderado,0.6298,Moderado,0.7276,Moderado,0.7009,Moderado,10536.5
330220,Itaperuna,2019,0.6681,Moderado,0.652,Moderado,0.6469,Moderado,0.7054,Moderado,10471.166666666666
330220,Itaperuna,2020,0.6767,Moderado,0.6298,Moderado,0.721,Moderado,0.6792,Moderado,11626.916666666666
330220,Itaperuna,2021,0.6812,Moderado,0.6232,Moderado,0.7283,Moderado,0.6921,Moderado,12708.7
330220,Itaperuna,2022,0.719,Moderado,0.6688,Moderado,0.7292,Moderado,0.759,Moderado,
330220,Itaperuna,2023,0.7401,Moderado,0.7075,Moderado,0.7325,Moderado,0.7802,Moderado,20402.3
330225,Itatiaia,2013,0.5986,Baixo,0.3799,Crítico,0.6661,Moderado,0.7498,Moderado,7291.0
330225,Itatiaia,2014,0.5954,Baixo,0.4219,Baixo,0.6448,Moderado,0.7195,Moderado,7081.25
330225,Itatiaia,2015,0.6286,Moderado,0.4549,Baixo,0.7066,Moderado,0.7242,Moderado,6371.5
330225,Itatiaia,2016,0.6188,Moderado,0.4946,Baixo,0.6345,Moderado,0.7272,Moderado,5889.833333333333
330225,Itatiaia,2017,0.6369,Moderado,0.4876,Baixo,0.6741,Moderado,0.7491,Moderado,5403.333333333333
330225,Itatiaia,2018,0.6376,Moderado,0.5141,Baixo,0.6431,Moderado,0.7556,Moderado,5252.583333333333
330225,Itatiaia,2019,0.6332,Moderado,0.5155,Baixo,0.6303,Moderado,0.7538,Moderado,4616.333333333333
330225,Itatiaia,2020,0.6587,Moderado,0.5503,Baixo,0.6722,Moderado,0.7537,Moderado,5050.5
330225,Itatiaia,2021,0.6378,Moderado,0.5222,Baixo,0.6046,Moderado,0.7865,Moderado,5132.1
330225,Itatiaia,2022,0.6424,Moderado,0.6427,Moderado,0.5139,Baixo,0.7706,Moderado,
330225,Itatiaia,2023,0.6721,Moderado,0.6496,Moderado,0.6056,Moderado,0.7612,Moderado,7525.0
330227,Japeri,2013,0.3399,Crítico,0.3046,Crítico,0.2744,Crítico,0.4407,Baixo,32424.0
330227,Japeri,2014,0.3694,Crítico,0.2939,Crítico,0.3591,Crítico,0.4551,Baixo,34251.083333333336
330227,Japeri,2015,0.3958,Crítico,0.283,Crítico,0.4282,Baixo,0.4763,Baixo,33379.916666666664
330227,Japeri,2016,0.3743,Crítico,0.2568,Crítico,0.4724,Baixo,0.3937,Crítico,30383.75
330227,Japeri,2017,0.3692,Crítico,0.3023,Crítico,0.4066,Baixo,0.3988,Crítico,28070.0
330227,Japeri,2018,0.3869,Crítico,0.3234,Crítico,0.4303,Baixo,0.4069,Baixo,29025.833333333332
330227,Japeri,2019,0.4055,Baixo,0.3527,Crítico,0.4382,Baixo,0.4255,Baixo,28220.0
330227,Japeri,2020,0.4045,Baixo,0.3851,Crítico,0.3955,Crítico,0.4329,Baixo,29483.583333333332
330227,Japeri,2021,0.4093,Baixo,0.3832,Crítico,0.4015,Baixo,0.4433,Baixo,29958.7
330227,Japeri,2022,0.4096,Baixo,0.376,Crítico,0.3531,Crítico,0.4997,Baixo,
330227,Japeri,2023,0.4206,Baixo,0.3858,Crítico,0.3799,Crítico,0.4961,Baixo,40313.5
330230,Laje do Muriaé,2013,0.4485,Baixo,0.4124,Baixo,0.4804,Baixo,0.4527,Baixo,2713.0
330230,Laje do Muriaé,2014,0.4726,Baixo,0.4764,Baixo,0.4949,Baixo,0.4464,Baixo,2781.5
330230,Laje do Muriaé,2015,0.5129,Baixo,0.5047,Baixo,0.5851,Baixo,0.4489,Baixo,2647.6666666666665
330230,Laje do Muriaé,2016,0.4669,Baixo,0.5324,Baixo,0.4088,Baixo,0.4594,Baixo,2239.0
330230,Laje do Muriaé,2017,0.4826,Baixo,0.5466,Baixo,0.4537,Baixo,0.4476,Baixo,2127.8333333333335
330230,Laje do Muriaé,2018,0.5385,Baixo,0.5839,Baixo,0.5629,Baixo,0.4688,Baixo,2109.0833333333335
330230,Laje do Muriaé,2019,0.5712,Baixo,0.5764,Baixo,0.6618,Moderado,0.4754,Baixo,2229.8333333333335
330230,Laje do Muriaé,2020,0.5493,Baixo,0.5739,Baixo,0.5953,Baixo,0.4787,Baixo,2286.6666666666665
330230,Laje do Muriaé,2021,0.56,Baixo,0.6272,Moderado,0.5843,Baixo,0.4685,Baixo,2284.0
330230,Laje do Muriaé,2022,0.6188,Moderado,0.6975,Moderado,0.6614,Moderado,0.4976,Baixo,
330230,Laje do Muriaé,2023,0.6256,Moderado,0.7416,Moderado,0.59,Baixo,0.5453,Baixo,2287.9
330240,Macaé,2013,0.6581,Moderado,0.4391,Baixo,0.6132,Moderado,0.922,Alto,26210.0
330240,Macaé,2014,0.6767,Moderado,0.4595,Baixo,0.653,Moderado,0.9175,Alto,24086.083333333332
330240,Macaé,2015,0.6715,Moderado,0.483,Baixo,0.6627,Moderado,0.8687,Alto,23951.75
330240,Macaé,2016,0.6652,Moderado,0.5022,Baixo,0.6468,Moderado,0.8465,Alto,23557.75
330240,Macaé,2017,0.6824,Moderado,0.5249,Baixo,0.6778,Moderado,0.8444,Alto,24620.583333333332
330240,Macaé,2018,0.697,Moderado,0.5515,Baixo,0.6897,Moderado,0.8497,Alto,28097.833333333332
330240,Macaé,2019,0.6814,Moderado,0.5648,Baixo,0.6116,Moderado,0.8677,Alto,33245.583333333336
330240,Macaé,2020,0.6882,Moderado,0.5491,Baixo,0.6484,Moderado,0.867,Alto,33126.583333333336
330240,Macaé,2021,0.7042,Moderado,0.5425,Baixo,0.6507,Moderado,0.9194,Alto,32769.7
330240,Macaé,2022,0.721,Moderado,0.5943,Baixo,0.6365,Moderado,0.9321,Alto,
330240,Macaé,2023,0.7413,Moderado,0.6001,Moderado,0.6833,Moderado,0.9404,Alto,52740.5
330245,Macuco,2013,0.5219,Baixo,0.5484,Baixo,0.3358,Crítico,0.6816,Moderado,1608.0
330245,Macuco,2014,0.5492,Baixo,0.533,Baixo,0.3778,Crítico,0.7369,Moderado,1662.1666666666667
330245,Macuco,2015,0.5629,Baixo,0.5535,Baixo,0.4129,Baixo,0.7223,Moderado,1608.75
330245,Macuco,2016,0.5422,Baixo,0.5561,Baixo,0.3859,Crítico,0.6847,Moderado,1418.4166666666667
330245,Macuco,2017,0.5743,Baixo,0.6122,Moderado,0.4391,Baixo,0.6715,Moderado,1299.0833333333333
330245,Macuco,2018,0.5754,Baixo,0.6128,Moderado,0.4328,Baixo,0.6806,Moderado,1414.5
330245,Macuco,2019,0.6169,Moderado,0.6507,Moderado,0.4811,Baixo,0.719,Moderado,1500.4166666666667
330245,Macuco,2020,0.5928,Baixo,0.6545,Moderado,0.4178,Baixo,0.7061,Moderado,1444.0
330245,Macuco,2021,0.624,Moderado,0.6256,Moderado,0.5374,Baixo,0.7089,Moderado,1372.5
330245,Macuco,2022,0.6162,Moderado,0.6283,Moderado,0.4879,Baixo,0.7323,Moderado,
330245,Macuco,2023,0.6464,Moderado,0.6322,Moderado,0.528,Baixo,0.7791,Moderado,2049.0
330250,Magé,2013,0.4464,Baixo,0.374,Crítico,0.4688,Baixo,0.4964,Baixo,60777.0
330250,Magé,2014,0.4462,Baixo,0.3791,Crítico,0.4428,Baixo,0.5166,Baixo,62351.083333333336
330250,Magé,2015,0.4822,Baixo,0.4247,Baixo,0.504,Baixo,0.5178,Baixo,61252.583333333336
330250,Magé,2016,0.4404,Baixo,0.3993,Crítico,0.4385,Baixo,0.4835,Baixo,59188.75
330250,Magé,2017,0.465,Baixo,0.445,Baixo,0.4912,Baixo,0.4589,Baixo,51506.583333333336
330250,Magé,2018,0.46,Baixo,0.4465,Baixo,0.4846,Baixo,0.4489,Baixo,53681.75
330250,Magé,2019,0.4744,Baixo,0.4859,Baixo,0.4908,Baixo,0.4464,Baixo,54763.416666666664
330250,Magé,2020,0.4785,Baixo,0.5077,Baixo,0.4783,Baixo,0.4494,Baixo,56868.75
330250,Magé,2021,0.5102,Baixo,0.519,Baixo,0.5265,Baixo,0.4851,Baixo,56845.3
330250,Magé,2022,0.5361,Baixo,0.5309,Baixo,0.5304,Baixo,0.5471,Baixo,
330250,Magé,2023,0.5321,Baixo,0.5381,Baixo,0.4959,Baixo,0.5622,Baixo,87445.9
330260,Mangaratiba,2013,0.6308,Moderado,0.5213,Baixo,0.6002,Moderado,0.7708,Moderado,6080.0
330260,Mangaratiba,2014,0.6066,Moderado,0.5264,Baixo,0.5547,Baixo,0.7386,Moderado,6365.25
330260,Mangaratiba,2015,0.5864,Baixo,0.5114,Baixo,0.5363,Baixo,0.7115,Moderado,6362.583333333333
330260,Mangaratiba,2016,0.6097,Moderado,0.4969,Baixo,0.6435,Moderado,0.6886,Moderado,6741.0
330260,Mangaratiba,2017,0.6027,Moderado,0.5619,Baixo,0.595,Baixo,0.6511,Moderado,6429.583333333333
330260,Mangaratiba,2018,0.6075,Moderado,0.5383,Baixo,0.6183,Moderado,0.666,Moderado,6288.416666666667
330260,Mangaratiba,2019,0.5653,Baixo,0.5657,Baixo,0.4805,Baixo,0.6497,Moderado,5389.0
330260,Mangaratiba,2020,0.626,Moderado,0.6045,Moderado,0.6101,Moderado,0.6633,Moderado,5670.75
330260,Mangaratiba,2021,0.6448,Moderado,0.5993,Baixo,0.593,Baixo,0.7421,Moderado,6069.8
330260,Mangaratiba,2022,0.6404,Moderado,0.6335,Moderado,0.5576,Baixo,0.73,Moderado,
330260,Mangaratiba,2023,0.6678,Moderado,0.6241,Moderado,0.6226,Moderado,0.7568,Moderado,11439.8
330270,Maricá,2013,0.5174,Baixo,0.4225,Baixo,0.5264,Baixo,0.6032,Moderado,22217.0
330270,Maricá,2014,0.563,Baixo,0.4698,Baixo,0.6001,Moderado,0.619,Moderado,19886.75
330270,Maricá,2015,0.5403,Baixo,0.4698,Baixo,0.5682,Baixo,0.583,Baixo,18553.75
330270,Maricá,2016,0.5254,Baixo,0.4548,Baixo,0.5865,Baixo,0.5348,Baixo,18416.166666666668
330270,Maricá,2017,0.5523,Baixo,0.5064,Baixo,0.5931,Baixo,0.5575,Baixo,16968.916666666668
330270,Maricá,2018,0.5557,Baixo,0.5034,Baixo,0.609,Moderado,0.5548,Baixo,19059.083333333332
330270,Maricá,2019,0.5692,Baixo,0.5194,Baixo,0.625,Moderado,0.5633,Baixo,18942.333333333332
330270,Maricá,2020,0.5683,Baixo,0.5608,Baixo,0.5738,Baixo,0.5703,Baixo,19960.416666666668
330270,Maricá,2021,0.5974,Baixo,0.6058,Moderado,0.5782,Baixo,0.6081,Moderado,20525.9
330270,Maricá,2022,0.6431,Moderado,0.6132,Moderado,0.6859,Moderado,0.6302,Moderado,
330270,Maricá,2023,0.6644,Moderado,0.6459,Moderado,0.7069,Moderado,0.6405,Moderado,38682.7
330280,Mendes,2013,0.5796,Baixo,0.5288,Baixo,0.67,Moderado,0.54,Baixo,3988.0
330280,Mendes,2014,0.5534,Baixo,0.5124,Baixo,0.6187,Moderado,0.5292,Baixo,3718.5833333333335
330280,Mendes,2015,0.5395,Baixo,0.4895,Baixo,0.606,Moderado,0.523,Baixo,3451.5
330280,Mendes,2016,0.5327,Baixo,0.4468,Baixo,0.6136,Moderado,0.5376,Baixo,3477.3333333333335
330280,Mendes,2017,0.5288,Baixo,0.5109,Baixo,0.5455,Baixo,0.53,Baixo,3255.6666666666665
330280,Mendes,2018,0.5682,Baixo,0.5697,Baixo,0.6163,Moderado,0.5185,Baixo,3133.9166666666665
330280,Mendes,2019,0.5836,Baixo,0.5952,Baixo,0.6256,Moderado,0.5299,Baixo,3085.0
330280,Mendes,2020,0.6277,Moderado,0.6251,Moderado,0.716,Moderado,0.542,Baixo,3105.0833333333335
330280,Mendes,2021,0.6259,Moderado,0.632,Moderado,0.6845,Moderado,0.5612,Baixo,3114.9
330280,Mendes,2022,0.6423,Moderado,0.7019,Moderado,0.6493,Moderado,0.5758,Baixo,
330280,Mendes,2023,0.6127,Moderado,0.6971,Moderado,0.5977,Baixo,0.5434,Baixo,4745.1
330285,Mesquita,2013,0.4894,Baixo,0.3882,Crítico,0.5034,Baixo,0.5767,Baixo,34434.0
330285,Mesquita,2014,0.5088,Baixo,0.3977,Crítico,0.5633,Baixo,0.5653,Baixo,34957.166666666664
330285,Mesquita,2015,0.5069,Baixo,0.4349,Baixo,0.5419,Baixo,0.5439,Baixo,34590.666666666664
330285,Mesquita,2016,0.4909,Baixo,0.3931,Crítico,0.544,Baixo,0.5355,Baixo,32964.333333333336
330285,Mesquita,2017,0.5009,Baixo,0.4071,Baixo,0.5789,Baixo,0.5168,Baixo,28871.083333333332
330285,Mesquita,2018,0.4997,Baixo,0.3995,Crítico,0.5808,Baixo,0.5188,Baixo,31680.666666666668
330285,Mesquita,2019,0.4905,Baixo,0.4263,Baixo,0.5564,Baixo,0.4888,Baixo,32414.666666666668
330285,Mesquita,2020,0.5195,Baixo,0.4479,Baixo,0.6198,Moderado,0.4909,Baixo,34743.25
330285,Mesquita,2021,0.5068,Baixo,0.4668,Baixo,0.5387,Baixo,0.515,Baixo,35548.3
330285,Mesquita,2022,0.5173,Baixo,0.5077,Baixo,0.5291,Baixo,0.5152,Baixo,
330285,Mesquita,2023,0.5379,Baixo,0.5167,Baixo,0.5682,Baixo,0.5289,Baixo,55088.3
330290,Miguel Pereira,2013,0.5833,Baixo,0.5318,Baixo,0.6052,Moderado,0.613,Moderado,5461.0
330290,Miguel Pereira,2014,0.588,Baixo,0.5224,Baixo,0.6375,Moderado,0.6042,Moderado,5492.75
330290,Miguel Pereira,2015,0.572,Baixo,0.5182,Baixo,0.5882,Baixo,0.6097,Moderado,5428.666666666667
330290,Miguel Pereira,2016,0.5234,Baixo,0.4891,Baixo,0.5035,Baixo,0.5776,Baixo,5470.25
330290,Miguel Pereira,2017,0.5377,Baixo,0.5273,Baixo,0.5376,Baixo,0.5483,Baixo,5010.583333333333
330290,Miguel Pereira,2018,0.5776,Baixo,0.568,Baixo,0.6094,Moderado,0.5555,Baixo,4988.083333333333
330290,Miguel Pereira,2019,0.5868,Baixo,0.6167,Moderado,0.5787,Baixo,0.5649,Baixo,5285.25
330290,Miguel Pereira,2020,0.6203,Moderado,0.6487,Moderado,0.6488,Moderado,0.5635,Baixo,5056.416666666667
330290,Miguel Pereira,2021,0.5986,Baixo,0.6553,Moderado,0.5487,Baixo,0.5918,Baixo,4950.3
330290,Miguel Pereira,2022,0.6734,Moderado,0.7,Moderado,0.6721,Moderado,0.6482,Moderado,
330290,Miguel Pereira,2023,0.684,Moderado,0.6962,Moderado,0.6774,Moderado,0.6783,Moderado,8023.4
330300,Miracema,2013,0.5186,Baixo,0.4875,Baixo,0.5221,Baixo,0.5462,Baixo,6864.0
330300,Miracema,2014,0.5313,Baixo,0.5008,Baixo,0.5581,Baixo,0.5349,Baixo,7137.083333333333
330300,Miracema,2015,0.5237,Baixo,0.5274,Baixo,0.4894,Baixo,0.5542,Baixo,6995.333333333333
330300,Miracema,2016,0.5563,Baixo,0.5335,Baixo,0.5814,Baixo,0.554,Baixo,6472.166666666667
330300,Miracema,2017,0.5436,Baixo,0.5325,Baixo,0.5685,Baixo,0.5297,Baixo,6033.0
330300,Miracema,2018,0.5391,Baixo,0.5808,Baixo,0.5049,Baixo,0.5315,Baixo,6333.0
330300,Miracema,2019,0.5641,Baixo,0.6601,Moderado,0.5051,Baixo,0.527,Baixo,7352.166666666667
330300,Miracema,2020,0.5973,Baixo,0.6509,Moderado,0.6126,Moderado,0.5283,Baixo,7095.416666666667
330300,Miracema,2021,0.6067,Moderado,0.6573,Moderado,0.622,Moderado,0.5409,Baixo,6951.2
330300,Miracema,2022,0.6623,Moderado,0.7422,Moderado,0.6973,Moderado,0.5475,Baixo,
330300,Miracema,2023,0.6073,Moderado,0.7415,Moderado,0.5187,Baixo,0.5616,Baixo,9507.0
330310,Natividade,2013,0.5311,Baixo,0.5789,Baixo,0.5187,Baixo,0.4958,Baixo,4026.0
330310,Natividade,2014,0.5478,Baixo,0.6024,Moderado,0.5263,Baixo,0.5147,Baixo,4024.5
330310,Natividade,2015,0.5512,Baixo,0.5978,Baixo,0.5243,Baixo,0.5314,Baixo,3851.9166666666665
330310,Natividade,2016,0.5473,Baixo,0.6184,Moderado,0.4933,Baixo,0.5301,Baixo,3691.8333333333335
330310,Natividade,2017,0.562,Baixo,0.6,Moderado,0.565,Baixo,0.5211,Baixo,3475.5833333333335
330310,Natividade,2018,0.5742,Baixo,0.6088,Moderado,0.5728,Baixo,0.5409,Baixo,3360.6666666666665
330310,Natividade,2019,0.5853,Baixo,0.6733,Moderado,0.5524,Baixo,0.5303,Baixo,3160.9166666666665
330310,Natividade,2020,0.6204,Moderado,0.6824,Moderado,0.6615,Moderado,0.5174,Baixo,3366.6666666666665
330310,Natividade,2021,0.6109,Moderado,0.6609,Moderado,0.6369,Moderado,0.535,Baixo,3421.8
330310,Natividade,2022,0.609,Moderado,0.6923,Moderado,0.586,Baixo,0.5486,Baixo,
330310,Natividade,2023,0.6412,Moderado,0.7176,Moderado,0.655,Moderado,0.5509,Baixo,4493.3
330320,Nilópolis,2013,0.5449,Baixo,0.4137,Baixo,0.6097,Moderado,0.6113,Moderado,28629.0
330320,Nilópolis,2014,0.5451,Baixo,0.4224,Baixo,0.5885,Baixo,0.6245,Moderado,28201.75
330320,Nilópolis,2015,0.5743,Baixo,0.4585,Baixo,0.6347,Moderado,0.6298,Moderado,27097.5
330320,Nilópolis,2016,0.512,Baixo,0.4051,Baixo,0.5679,Baixo,0.5631,Baixo,26418.25
330320,Nilópolis,2017,0.509,Baixo,0.4431,Baixo,0.5555,Baixo,0.5284,Baixo,23981.583333333332
330320,Nilópolis,2018,0.5297,Baixo,0.4405,Baixo,0.6164,Moderado,0.5323,Baixo,23427.5
330320,Nilópolis,2019,0.5245,Baixo,0.499,Baixo,0.5356,Baixo,0.5388,Baixo,23288.5
330320,Nilópolis,2020,0.5271,Baixo,0.5096,Baixo,0.5397,Baixo,0.532,Baixo,24669.0
330320,Nilópolis,2021,0.5289,Baixo,0.5404,Baixo,0.4779,Baixo,0.5685,Baixo,24862.2
330320,Nilópolis,2022,0.5388,Baixo,0.5588,Baixo,0.4546,Baixo,0.6029,Moderado,
330320,Nilópolis,2023,0.5738,Baixo,0.5819,Baixo,0.5336,Baixo,0.606,Moderado,32253.1
330330,Niterói,2013,0.7226,Moderado,0.5142,Baixo,0.7065,Moderado,0.9471,Alto,51158.0
330330,Niterói,2014,0.7373,Moderado,0.5321,Baixo,0.7373,Moderado,0.9426,Alto,49692.166666666664
330330,Niterói,2015,0.729,Moderado,0.5457,Baixo,0.7317,Moderado,0.9096,Alto,47090.583333333336
330330,Niterói,2016,0.7076,Moderado,0.5205,Baixo,0.7265,Moderado,0.8758,Alto,43742.166666666664
330330,Niterói,2017,0.7093,Moderado,0.5483,Baixo,0.7117,Moderado,0.868,Alto,41086.666666666664
330330,Niterói,2018,0.7095,Moderado,0.5558,Baixo,0.7087,Moderado,0.8639,Alto,41500.0
330330,Niterói,2019,0.6927,Moderado,0.5535,Baixo,0.6954,Moderado,0.8293,Alto,42046.5
330330,Niterói,2020,0.6849,Moderado,0.5817,Baixo,0.6652,Moderado,0.8078,Alto,46315.583333333336
330330,Niterói,2021,0.7065,Moderado,0.5922,Baixo,0.6787,Moderado,0.8485,Alto,47926.9
330330,Niterói,2022,0.7145,Moderado,0.6258,Moderado,0.6838,Moderado,0.8338,Alto,
330330,Niterói,2023,0.7224,Moderado,0.6072,Moderado,0.7247,Moderado,0.8354,Alto,86744.9
330340,Nova Friburgo,2013,0.6749,Moderado,0.5689,Baixo,0.6073,Moderado,0.8485,Alto,19979.0
330340,Nova Friburgo,2014,0.6852,Moderado,0.5673,Baixo,0.6333,Moderado,0.8551,Alto,18805.166666666668
330340,Nova Friburgo,2015,0.6826,Moderado,0.5502,Baixo,0.6786,Moderado,0.8189,Alto,18014.916666666668
330340,Nova Friburgo,2016,0.6443,Moderado,0.5449,Baixo,0.6127,Moderado,0.7752,Moderado,18770.0
330340,Nova Friburgo,2017,0.6747,Moderado,0.5897,Baixo,0.6594,Moderado,0.7751,Moderado,16549.75
330340,Nova Friburgo,2018,0.6874,Moderado,0.5653,Baixo,0.7067,Moderado,0.7901,Moderado,16153.333333333334
330340,Nova Friburgo,2019,0.6807,Moderado,0.6087,Moderado,0.6397,Moderado,0.7938,Moderado,15706.666666666666
330340,Nova Friburgo,2020,0.6779,Moderado,0.5955,Baixo,0.6565,Moderado,0.7816,Moderado,16618.833333333332
330340,Nova Friburgo,2021,0.6773,Moderado,0.5762,Baixo,0.6434,Moderado,0.8124,Alto,17623.1
330340,Nova Friburgo,2022,0.7022,Moderado,0.6167,Moderado,0.6628,Moderado,0.8271,Alto,
330340,Nova Friburgo,2023,0.706,Moderado,0.6427,Moderado,0.646,Moderado,0.8294,Alto,29200.9
330350,Nova Iguaçu,2013,0.4847,Baixo,0.3676,Crítico,0.4783,Baixo,0.6081,Moderado,200658.0
330350,Nova Iguaçu,2014,0.496,Baixo,0.3755,Crítico,0.4884,Baixo,0.6241,Moderado,191011.0
330350,Nova Iguaçu,2015,0.5198,Baixo,0.4029,Baixo,0.5436,Baixo,0.6129,Moderado,178714.58333333334
330350,Nova Iguaçu,2016,0.4853,Baixo,0.3498,Crítico,0.5249,Baixo,0.5812,Baixo,162048.16666666666
330350,Nova Iguaçu,2017,0.4813,Baixo,0.3609,Crítico,0.5295,Baixo,0.5534,Baixo,148911.66666666666
330350,Nova Iguaçu,2018,0.4526,Baixo,0.3453,Crítico,0.4664,Baixo,0.5462,Baixo,163295.25
330350,Nova Iguaçu,2019,0.4779,Baixo,0.3659,Crítico,0.5201,Baixo,0.5477,Baixo,181240.08333333334
330350,Nova Iguaçu,2020,0.4716,Baixo,0.3892,Crítico,0.4987,Baixo,0.527,Baixo,200528.58333333334
330350,Nova Iguaçu,2021,0.487,Baixo,0.3956,Crítico,0.5295,Baixo,0.5358,Baixo,204981.1
330350,Nova Iguaçu,2022,0.4822,Baixo,0.3971,Crítico,0.4994,Baixo,0.5502,Baixo,
330350,Nova Iguaçu,2023,0.4963,Baixo,0.4143,Baixo,0.5276,Baixo,0.547,Baixo,310665.6
330360,Paracambi,2013,0.4603,Baixo,0.4108,Baixo,0.4385,Baixo,0.5315,Baixo,12660.0
330360,Paracambi,2014,0.4853,Baixo,0.4144,Baixo,0.5026,Baixo,0.5388,Baixo,13155.333333333334
330360,Paracambi,2015,0.496,Baixo,0.4169,Baixo,0.5279,Baixo,0.5431,Baixo,12984.416666666666
330360,Paracambi,2016,0.4446,Baixo,0.434,Baixo,0.3942,Crítico,0.5055,Baixo,13069.916666666666
330360,Paracambi,2017,0.5052,Baixo,0.4728,Baixo,0.5529,Baixo,0.4899,Baixo,12607.5
330360,Paracambi,2018,0.5008,Baixo,0.4475,Baixo,0.5591,Baixo,0.4959,Baixo,12949.5
330360,Paracambi,2019,0.5188,Baixo,0.519,Baixo,0.5316,Baixo,0.5059,Baixo,12991.833333333334
330360,Paracambi,2020,0.5233,Baixo,0.4965,Baixo,0.56,Baixo,0.5135,Baixo,12341.833333333334
330360,Paracambi,2021,0.5297,Baixo,0.4823,Baixo,0.5888,Baixo,0.5181,Baixo,12170.7
330360,Paracambi,2022,0.5578,Baixo,0.5173,Baixo,0.5979,Baixo,0.5581,Baixo,
330360,Paracambi,2023,0.5769,Baixo,0.5559,Baixo,0.5993,Baixo,0.5754,Baixo,14928.6
330370,Paraíba do Sul,2013,0.639,Moderado,0.5208,Baixo,0.6567,Moderado,0.7396,Moderado,7972.0
330370,Paraíba do Sul,2014,0.6352,Moderado,0.5343,Baixo,0.6676,Moderado,0.7038,Moderado,7645.333333333333
330370,Paraíba do Sul,2015,0.6179,Moderado,0.5359,Baixo,0.6273,Moderado,0.6906,Moderado,7658.166666666667
330370,Paraíba do Sul,2016,0.5793,Baixo,0.516,Baixo,0.5817,Baixo,0.6402,Moderado,7297.25
330370,Paraíba do Sul,2017,0.5881,Baixo,0.5636,Baixo,0.5468,Baixo,0.654,Moderado,6481.583333333333
330370,Paraíba do Sul,2018,0.5872,Baixo,0.5368,Baixo,0.5606,Baixo,0.6643,Moderado,6349.916666666667
330370,Paraíba do Sul,2019,0.6041,Moderado,0.5575,Baixo,0.5876,Baixo,0.6671,Moderado,6413.916666666667
330370,Paraíba do Sul,2020,0.642,Moderado,0.5795,Baixo,0.6765,Moderado,0.6699,Moderado,7040.416666666667
330370,Paraíba do Sul,2021,0.6452,Moderado,0.5771,Baixo,0.6854,Moderado,0.673,Moderado,7704.4
330370,Paraíba do Sul,2022,0.6809,Moderado,0.5826,Baixo,0.7271,Moderado,0.7329,Moderado,
330370,Paraíba do Sul,2023,0.672,Moderado,0.608,Moderado,0.7244,Moderado,0.6836,Moderado,10459.1
330380,Paraty,2013,0.5909,Baixo,0.3938,Crítico,0.6433,Moderado,0.7356,Moderado,8170.0
330380,Paraty,2014,0.5712,Baixo,0.4382,Baixo,0.5699,Baixo,0.7055,Moderado,8493.416666666666
330380,Paraty,2015,0.5897,Baixo,0.4705,Baixo,0.55,Baixo,0.7485,Moderado,8405.666666666666
330380,Paraty,2016,0.6054,Moderado,0.4721,Baixo,0.6474,Moderado,0.6966,Moderado,8176.166666666667
330380,Paraty,2017,0.6174,Moderado,0.5005,Baixo,0.6356,Moderado,0.7162,Moderado,6584.416666666667
330380,Paraty,2018,0.5757,Baixo,0.5286,Baixo,0.4774,Baixo,0.7212,Moderado,6394.333333333333
330380,Paraty,2019,0.5963,Baixo,0.5225,Baixo,0.5533,Baixo,0.713,Moderado,6296.666666666667
330380,Paraty,2020,0.6065,Moderado,0.5195,Baixo,0.5908,Baixo,0.7093,Moderado,6645.833333333333
330380,Paraty,2021,0.6082,Moderado,0.503,Baixo,0.5241,Baixo,0.7974,Moderado,6809.0
330380,Paraty,2022,0.6446,Moderado,0.52,Baixo,0.6006,Moderado,0.8132,Alto,
330380,Paraty,2023,0.6603,Moderado,0.5446,Baixo,0.6136,Moderado,0.8228,Alto,12344.5
330385,Paty do Alferes,2013,0.4998,Baixo,0.4554,Baixo,0.4985,Baixo,0.5454,Baixo,9553.0
330385,Paty do Alferes,2014,0.4916,Baixo,0.4461,Baixo,0.4786,Baixo,0.5501,Baixo,9358.666666666666
330385,Paty do Alferes,2015,0.5122,Baixo,0.4927,Baixo,0.505,Baixo,0.539,Baixo,9069.583333333334
330385,Paty do Alferes,2016,0.4688,Baixo,0.444,Baixo,0.4413,Baixo,0.5212,Baixo,8645.833333333334
330385,Paty do Alferes,2017,0.4735,Baixo,0.4873,Baixo,0.4226,Baixo,0.5105,Baixo,7641.25
330385,Paty do Alferes,2018,0.4895,Baixo,0.4916,Baixo,0.4707,Baixo,0.5061,Baixo,7178.583333333333
330385,Paty do Alferes,2019,0.4849,Baixo,0.54,Baixo,0.4048,Baixo,0.5098,Baixo,6898.416666666667
330385,Paty do Alferes,2020,0.533,Baixo,0.5624,Baixo,0.5083,Baixo,0.5283,Baixo,6898.083333333333
330385,Paty do Alferes,2021,0.5132,Baixo,0.5644,Baixo,0.4493,Baixo,0.5259,Baixo,7043.2
330385,Paty do Alferes,2022,0.5624,Baixo,0.5568,Baixo,0.571,Baixo,0.5594,Baixo,
330385,Paty do Alferes,2023,0.5851,Baixo,0.5788,Baixo,0.5948,Baixo,0.5818,Baixo,8853.5
330390,Petrópolis,2013,0.6498,Moderado,0.5129,Baixo,0.6307,Moderado,0.8059,Alto,44177.0
330390,Petrópolis,2014,0.6799,Moderado,0.5347,Baixo,0.6762,Moderado,0.8289,Alto,39670.916666666664
330390,Petrópolis,2015,0.6718,Moderado,0.5358,Baixo,0.6798,Moderado,0.7999,Moderado,40342.333333333336
330390,Petrópolis,2016,0.679,Moderado,0.5219,Baixo,0.7548,Moderado,0.7603,Moderado,38835.0
330390,Petrópolis,2017,0.6675,Moderado,0.5433,Baixo,0.713,Moderado,0.7463,Moderado,33238.833333333336
330390,Petrópolis,2018,0.6708,Moderado,0.5389,Baixo,0.7207,Moderado,0.7529,Moderado,33016.5
330390,Petrópolis,2019,0.6773,Moderado,0.5644,Baixo,0.7103,Moderado,0.7572,Moderado,33024.5
330390,Petrópolis,2020,0.6935,Moderado,0.5955,Baixo,0.7503,Moderado,0.7348,Moderado,35874.666666666664
330390,Petrópolis,2021,0.6835,Moderado,0.591,Baixo,0.7024,Moderado,0.757,Moderado,39327.5
330390,Petrópolis,2022,0.7142,Moderado,0.6048,Moderado,0.7313,Moderado,0.8066,Alto,
330390,Petrópolis,2023,0.7396,Moderado,0.6479,Moderado,0.7527,Moderado,0.8181,Alto,62129.3
330395,Pinheiral,2013,0.5705,Baixo,0.5404,Baixo,0.5897,Baixo,0.5814,Baixo,5939.0
330395,Pinheiral,2014,0.5664,Baixo,0.5612,Baixo,0.545,Baixo,0.593,Baixo,5634.25
330395,Pinheiral,2015,0.5803,Baixo,0.542,Baixo,0.6258,Moderado,0.5731,Baixo,5379.166666666667
330395,Pinheiral,2016,0.5587,Baixo,0.5727,Baixo,0.5803,Baixo,0.5231,Baixo,5366.166666666667
330395,Pinheiral,2017,0.6078,Moderado,0.6107,Moderado,0.6841,Moderado,0.5285,Baixo,5261.75
330395,Pinheiral,2018,0.6269,Moderado,0.5586,Baixo,0.7724,Moderado,0.5496,Baixo,5031.166666666667
330395,Pinheiral,2019,0.6176,Moderado,0.625,Moderado,0.6596,Moderado,0.5681,Baixo,4854.416666666667
330395,Pinheiral,2020,0.6118,Moderado,0.6103,Moderado,0.6478,Moderado,0.5772,Baixo,4941.5
330395,Pinheiral,2021,0.6282,Moderado,0.5943,Baixo,0.6866,Moderado,0.6038,Moderado,4955.0
330395,Pinheiral,2022,0.656,Moderado,0.6195,Moderado,0.6892,Moderado,0.6593,Moderado,
330395,Pinheiral,2023,0.6796,Moderado,0.6604,Moderado,0.7098,Moderado,0.6686,Moderado,6815.6
330400,Piraí,2013,0.6618,Moderado,0.4867,Baixo,0.7161,Moderado,0.7826,Moderado,4726.0
330400,Piraí,2014,0.6511,Moderado,0.4699,Baixo,0.6861,Moderado,0.7973,Moderado,4529.75
330400,Piraí,2015,0.6628,Moderado,0.4885,Baixo,0.7379,Moderado,0.7621,Moderado,4777.916666666667
330400,Piraí,2016,0.6501,Moderado,0.4412,Baixo,0.7622,Moderado,0.747,Moderado,4860.083333333333
330400,Piraí,2017,0.6452,Moderado,0.4689,Baixo,0.6996,Moderado,0.7672,Moderado,4928.916666666667
330400,Piraí,2018,0.65,Moderado,0.4601,Baixo,0.669,Moderado,0.821,Alto,5140.916666666667
330400,Piraí,2019,0.6515,Moderado,0.4823,Baixo,0.6522,Moderado,0.8201,Alto,5288.416666666667
330400,Piraí,2020,0.6936,Moderado,0.5521,Baixo,0.7311,Moderado,0.7976,Moderado,5434.416666666667
330400,Piraí,2021,0.6671,Moderado,0.539,Baixo,0.6743,Moderado,0.7881,Moderado,5414.6
330400,Piraí,2022,0.7034,Moderado,0.5464,Baixo,0.746,Moderado,0.8178,Alto,
330400,Piraí,2023,0.7413,Moderado,0.5835,Baixo,0.8084,Alto,0.8321,Alto,7101.7
330410,Porciúncula,2013,0.485,Baixo,0.5268,Baixo,0.4369,Baixo,0.4913,Baixo,5192.0
330410,Porciúncula,2014,0.5277,Baixo,0.4944,Baixo,0.589,Baixo,0.4998,Baixo,5086.916666666667
330410,Porciúncula,2015,0.5225,Baixo,0.5176,Baixo,0.5549,Baixo,0.4949,Baixo,5014.5
330410,Porciúncula,2016,0.548,Baixo,0.4776,Baixo,0.6854,Moderado,0.4811,Baixo,4688.416666666667
330410,Porciúncula,2017,0.5111,Baixo,0.4765,Baixo,0.5958,Baixo,0.4611,Baixo,4276.916666666667
330410,Porciúncula,2018,0.5206,Baixo,0.5052,Baixo,0.5944,Baixo,0.4623,Baixo,3860.5833333333335
330410,Porciúncula,2019,0.544,Baixo,0.5353,Baixo,0.6249,Moderado,0.4717,Baixo,3667.3333333333335
330410,Porciúncula,2020,0.5629,Baixo,0.5462,Baixo,0.6645,Moderado,0.4781,Baixo,3951.75
330410,Porciúncula,2021,0.5543,Baixo,0.5557,Baixo,0.6094,Moderado,0.4979,Baixo,4237.0
330410,Porciúncula,2022,0.5567,Baixo,0.5957,Baixo,0.5708,Baixo,0.5035,Baixo,
330410,Porciúncula,2023,0.5562,Baixo,0.5921,Baixo,0.5476,Baixo,0.529,Baixo,5941.6
330411,Porto Real,2013,0.6099,Moderado,0.3906,Crítico,0.6945,Moderado,0.7446,Moderado,3081.0
330411,Porto Real,2014,0.6633,Moderado,0.5114,Baixo,0.7616,Moderado,0.717,Moderado,3201.9166666666665
330411,Porto Real,2015,0.6435,Moderado,0.4999,Baixo,0.6946,Moderado,0.7359,Moderado,3126.6666666666665
330411,Porto Real,2016,0.6576,Moderado,0.4962,Baixo,0.7536,Moderado,0.7231,Moderado,3321.1666666666665
330411,Porto Real,2017,0.6672,Moderado,0.5126,Baixo,0.7395,Moderado,0.7496,Moderado,3588.6666666666665
330411,Porto Real,2018,0.6815,Moderado,0.4942,Baixo,0.7987,Moderado,0.7516,Moderado,4005.75
330411,Porto Real,2019,0.6824,Moderado,0.5496,Baixo,0.7457,Moderado,0.7519,Moderado,4173.333333333333
330411,Porto Real,2020,0.7077,Moderado,0.5708,Baixo,0.7935,Moderado,0.7588,Moderado,3923.1666666666665
330411,Porto Real,2021,0.6623,Moderado,0.5441,Baixo,0.6592,Moderado,0.7837,Moderado,3850.7
330411,Porto Real,2022,0.7411,Moderado,0.6656,Moderado,0.7925,Moderado,0.7653,Moderado,
330411,Porto Real,2023,0.7377,Moderado,0.6892,Moderado,0.786,Moderado,0.7379,Moderado,4908.8
330412,Quatis,2013,0.5129,Baixo,0.4189,Baixo,0.4582,Baixo,0.6615,Moderado,2646.0
330412,Quatis,2014,0.5111,Baixo,0.4104,Baixo,0.5051,Baixo,0.6178,Moderado,2451.8333333333335
330412,Quatis,2015,0.5332,Baixo,0.4812,Baixo,0.5498,Baixo,0.5687,Baixo,2452.3333333333335
330412,Quatis,2016,0.5161,Baixo,0.4704,Baixo,0.5367,Baixo,0.5412,Baixo,2462.8333333333335
330412,Quatis,2017,0.5407,Baixo,0.4967,Baixo,0.5974,Baixo,0.528,Baixo,2395.25
330412,Quatis,2018,0.5533,Baixo,0.4934,Baixo,0.6221,Moderado,0.5444,Baixo,2377.9166666666665
330412,Quatis,2019,0.5385,Baixo,0.5566,Baixo,0.5258,Baixo,0.533,Baixo,2299.1666666666665
330412,Quatis,2020,0.6088,Moderado,0.5829,Baixo,0.705,Moderado,0.5384,Baixo,2377.6666666666665
330412,Quatis,2021,0.543,Baixo,0.5664,Baixo,0.5104,Baixo,0.5523,Baixo,2364.7
330412,Quatis,2022,0.5567,Baixo,0.6135,Moderado,0.4701,Baixo,0.5864,Baixo,
330412,Quatis,2023,0.5814,Baixo,0.58,Baixo,0.5297,Baixo,0.6345,Moderado,3463.3
330414,Queimados,2013,0.4248,Baixo,0.3078,Crítico,0.3313,Crítico,0.6353,Moderado,42819.0
330414,Queimados,2014,0.4285,Baixo,0.3183,Crítico,0.3848,Crítico,0.5824,Baixo,43769.5
330414,Queimados,2015,0.4516,Baixo,0.3455,Crítico,0.4196,Baixo,0.5897,Baixo,42950.75
330414,Queimados,2016,0.4309,Baixo,0.2966,Crítico,0.4422,Baixo,0.5539,Baixo,41526.25
330414,Queimados,2017,0.4411,Baixo,0.348,Crítico,0.4407,Baixo,0.5345,Baixo,37653.666666666664
330414,Queimados,2018,0.4288,Baixo,0.3157,Crítico,0.4465,Baixo,0.5241,Baixo,37656.583333333336
330414,Queimados,2019,0.4325,Baixo,0.349,Crítico,0.4207,Baixo,0.5278,Baixo,35780.5
330414,Queimados,2020,0.4391,Baixo,0.3884,Crítico,0.4145,Baixo,0.5145,Baixo,36842.75
330414,Queimados,2021,0.4705,Baixo,0.381,Crítico,0.4919,Baixo,0.5385,Baixo,37336.1
330414,Queimados,2022,0.4711,Baixo,0.4067,Baixo,0.4472,Baixo,0.5595,Baixo,
330414,Queimados,2023,0.4979,Baixo,0.4106,Baixo,0.5146,Baixo,0.5684,Baixo,51032.2
330415,Quissamã,2013,0.5371,Baixo,0.4766,Baixo,0.5565,Baixo,0.5782,Baixo,6161.0
330415,Quissamã,2014,0.5509,Baixo,0.5433,Baixo,0.5793,Baixo,0.5302,Baixo,6216.416666666667
330415,Quissamã,2015,0.5403,Baixo,0.5308,Baixo,0.5761,Baixo,0.5141,Baixo,5977.0
330415,Quissamã,2016,0.5653,Baixo,0.5538,Baixo,0.6385,Moderado,0.5035,Baixo,5393.166666666667
330415,Quissamã,2017,0.5796,Baixo,0.5981,Baixo,0.5889,Baixo,0.5518,Baixo,4861.666666666667
330415,Quissamã,2018,0.5905,Baixo,0.5861,Baixo,0.6411,Moderado,0.5444,Baixo,5231.5
330415,Quissamã,2019,0.5715,Baixo,0.6054,Moderado,0.5955,Baixo,0.5136,Baixo,5518.166666666667
330415,Quissamã,2020,0.556,Baixo,0.6133,Moderado,0.5826,Baixo,0.4722,Baixo,5641.666666666667
330415,Quissamã,2021,0.5922,Baixo,0.6344,Moderado,0.6272,Moderado,0.515,Baixo,5643.8
330415,Quissamã,2022,0.5801,Baixo,0.6473,Moderado,0.5858,Baixo,0.5071,Baixo,
330415,Quissamã,2023,0.5788,Baixo,0.6362,Moderado,0.587,Baixo,0.5132,Baixo,7483.5
330420,Resende,2013,0.6904,Moderado,0.5378,Baixo,0.6423,Moderado,0.8911,Alto,10132.0
330420,Resende,2014,0.6839,Moderado,0.5682,Baixo,0.6315,Moderado,0.852,Alto,9556.333333333334
330420,Resende,2015,0.672,Moderado,0.5739,Baixo,0.6236,Moderado,0.8185,Alto,9613.25
330420,Resende,2016,0.6656,Moderado,0.5495,Baixo,0.6537,Moderado,0.7935,Moderado,8984.333333333334
330420,Resende,2017,0.6885,Moderado,0.5758,Baixo,0.6627,Moderado,0.8269,Alto,7645.5
330420,Resende,2018,0.6797,Moderado,0.5742,Baixo,0.6416,Moderado,0.8233,Alto,8110.0
330420,Resende,2019,0.6964,Moderado,0.6029,Moderado,0.6666,Moderado,0.8198,Alto,9298.333333333334
330420,Resende,2020,0.6926,Moderado,0.62,Moderado,0.6527,Moderado,0.8052,Alto,11256.166666666666
330420,Resende,2021,0.7053,Moderado,0.6191,Moderado,0.6349,Moderado,0.862,Alto,13776.3
330420,Resende,2022,0.7142,Moderado,0.6603,Moderado,0.6181,Moderado,0.8641,Alto,
330420,Resende,2023,0.7421,Moderado,0.6876,Moderado,0.6877,Moderado,0.851,Alto,20135.6
330430,Rio Bonito,2013,0.6517,Moderado,0.5026,Baixo,0.5404,Baixo,0.912,Alto,13903.0
330430,Rio Bonito,2014,0.6666,Moderado,0.4762,Baixo,0.6239,Moderado,0.8997,Alto,14197.75
330430,Rio Bonito,2015,0.6645,Moderado,0.4975,Baixo,0.6434,Moderado,0.8527,Alto,13762.25
330430,Rio Bonito,2016,0.6422,Moderado,0.4749,Baixo,0.6466,Moderado,0.8052,Alto,12143.25
330430,Rio Bonito,2017,0.6108,Moderado,0.491,Baixo,0.5449,Baixo,0.7965,Moderado,11055.75
330430,Rio Bonito,2018,0.6298,Moderado,0.4794,Baixo,0.6058,Moderado,0.8043,Alto,13274.833333333334
330430,Rio Bonito,2019,0.6426,Moderado,0.5251,Baixo,0.5975,Baixo,0.8051,Alto,14447.916666666666
330430,Rio Bonito,2020,0.6183,Moderado,0.5453,Baixo,0.5622,Baixo,0.7473,Moderado,13858.583333333334
330430,Rio Bonito,2021,0.6227,Moderado,0.5294,Baixo,0.5996,Baixo,0.7392,Moderado,13720.5
330430,Rio Bonito,2022,0.6207,Moderado,0.5656,Baixo,0.567,Baixo,0.7294,Moderado,
330430,Rio Bonito,2023,0.6433,Moderado,0.5806,Baixo,0.5145,Baixo,0.8347,Alto,19979.7
330440,Rio Claro,2013,0.54,Baixo,0.4025,Baixo,0.683,Moderado,0.5345,Baixo,3457.0
330440,Rio Claro,2014,0.4976,Baixo,0.4224,Baixo,0.5392,Baixo,0.5313,Baixo,2994.9166666666665
330440,Rio Claro,2015,0.5291,Baixo,0.4726,Baixo,0.5907,Baixo,0.5241,Baixo,2590.8333333333335
330440,Rio Claro,2016,0.5201,Baixo,0.4525,Baixo,0.6237,Moderado,0.4842,Baixo,2339.9166666666665
330440,Rio Claro,2017,0.512,Baixo,0.4672,Baixo,0.5911,Baixo,0.4778,Baixo,2294.0
330440,Rio Claro,2018,0.5276,Baixo,0.4707,Baixo,0.6197,Moderado,0.4925,Baixo,2630.8333333333335
330440,Rio Claro,2019,0.5586,Baixo,0.5158,Baixo,0.6528,Moderado,0.5073,Baixo,3087.0833333333335
330440,Rio Claro,2020,0.5693,Baixo,0.5167,Baixo,0.6918,Moderado,0.4994,Baixo,3375.75
330440,Rio Claro,2021,0.552,Baixo,0.5459,Baixo,0.5841,Baixo,0.526,Baixo,3727.7
330440,Rio Claro,2022,0.6032,Moderado,0.6012,Moderado,0.6806,Moderado,0.5279,Baixo,
330440,Rio Claro,2023,0.6364,Moderado,0.634,Moderado,0.7111,Moderado,0.5642,Baixo,5182.8
330450,Rio das Flores,2013,0.6011,Moderado,0.4735,Baixo,0.5599,Baixo,0.7698,Moderado,2531.0
330450,Rio das Flores,2014,0.5579,Baixo,0.4597,Baixo,0.4686,Baixo,0.7454,Moderado,2563.0833333333335
330450,Rio das Flores,2015,0.6151,Moderado,0.4738,Baixo,0.6162,Moderado,0.7552,Moderado,2469.9166666666665
330450,Rio das Flores,2016,0.6077,Moderado,0.466,Baixo,0.6186,Moderado,0.7384,Moderado,2363.0833333333335
330450,Rio das Flores,2017,0.6112,Moderado,0.5709,Baixo,0.5286,Baixo,0.734,Moderado,2285.9166666666665
330450,Rio das Flores,2018,0.6065,Moderado,0.5055,Baixo,0.5708,Baixo,0.7432,Moderado,2000.8333333333333
330450,Rio das Flores,2019,0.6566,Moderado,0.601,Moderado,0.6397,Moderado,0.7292,Moderado,1886.3333333333333
330450,Rio das Flores,2020,0.6735,Moderado,0.6175,Moderado,0.6402,Moderado,0.7629,Moderado,1897.0833333333333
330450,Rio das Flores,2021,0.6769,Moderado,0.6139,Moderado,0.6526,Moderado,0.7641,Moderado,1896.4
330450,Rio das Flores,2022,0.6845,Moderado,0.6707,Moderado,0.6135,Moderado,0.7692,Moderado,
330450,Rio das Flores,2023,0.7012,Moderado,0.6966,Moderado,0.6331,Moderado,0.7739,Moderado,2750.5
330452,Rio das Ostras,2013,0.6137,Moderado,0.4572,Baixo,0.5591,Baixo,0.8249,Alto,15705.0
330452,Rio das Ostras,2014,0.5756,Baixo,0.4684,Baixo,0.4913,Baixo,0.7671,Moderado,14482.333333333334
330452,Rio das Ostras,2015,0.6014,Moderado,0.5077,Baixo,0.5481,Baixo,0.7485,Moderado,14143.25
330452,Rio das Ostras,2016,0.5717,Baixo,0.4871,Baixo,0.5382,Baixo,0.6898,Moderado,15891.416666666666
330452,Rio das Ostras,2017,0.5875,Baixo,0.5053,Baixo,0.5201,Baixo,0.7371,Moderado,16716.416666666668
330452,Rio das Ostras,2018,0.5909,Baixo,0.5046,Baixo,0.5516,Baixo,0.7165,Moderado,19207.75
330452,Rio das Ostras,2019,0.5727,Baixo,0.5479,Baixo,0.4817,Baixo,0.6885,Moderado,20725.666666666668
330452,Rio das Ostras,2020,0.5925,Baixo,0.5579,Baixo,0.5241,Baixo,0.6956,Moderado,19665.083333333332
330452,Rio das Ostras,2021,0.6036,Moderado,0.5428,Baixo,0.4995,Baixo,0.7685,Moderado,19286.4
330452,Rio das Ostras,2022,0.6549,Moderado,0.5956,Baixo,0.5642,Baixo,0.8049,Alto,
330452,Rio das Ostras,2023,0.6797,Moderado,0.6181,Moderado,0.6072,Moderado,0.8139,Alto,37466.1
330455,Rio de Janeiro,2013,0.7165,Moderado,0.5354,Baixo,0.6914,Moderado,0.9228,Alto,801557.0
330455,Rio de Janeiro,2014,0.7267,Moderado,0.5435,Baixo,0.7128,Moderado,0.9239,Alto,766939.0
330455,Rio de Janeiro,2015,0.7236,Moderado,0.5557,Baixo,0.7159,Moderado,0.8993,Alto,772392.6666666666
330455,Rio de Janeiro,2016,0.7147,Moderado,0.5392,Baixo,0.7311,Moderado,0.8739,Alto,735941.5833333334
330455,Rio de Janeiro,2017,0.7336,Moderado,0.5798,Baixo,0.7565,Moderado,0.8645,Alto,720635.6666666666
330455,Rio de Janeiro,2018,0.7329,Moderado,0.578,Baixo,0.7547,Moderado,0.8659,Alto,723827.6666666666
330455,Rio de Janeiro,2019,0.7315,Moderado,0.6083,Moderado,0.7168,Moderado,0.8693,Alto,700265.75
330455,Rio de Janeiro,2020,0.7397,Moderado,0.6421,Moderado,0.7162,Moderado,0.8607,Alto,732169.75
330455,Rio de Janeiro,2021,0.7559,Moderado,0.662,Moderado,0.7176,Moderado,0.8881,Alto,799194.0
330455,Rio de Janeiro,2022,0.7662,Moderado,0.6847,Moderado,0.7114,Moderado,0.9024,Alto,
330455,Rio de Janeiro,2023,0.7933,Moderado,0.714,Moderado,0.7707,Moderado,0.8952,Alto,1289595.6
330460,Santa Maria Madalena,2013,0.4575,Baixo,0.4413,Baixo,0.3542,Crítico,0.5771,Baixo,2808.0
330460,Santa Maria Madalena,2014,0.4896,Baixo,0.4273,Baixo,0.4639,Baixo,0.5777,Baixo,2597.3333333333335
330460,Santa Maria Madalena,2015,0.5273,Baixo,0.3852,Crítico,0.5482,Baixo,0.6484,Moderado,2465.4166666666665
330460,Santa Maria Madalena,2016,0.4725,Baixo,0.4415,Baixo,0.4252,Baixo,0.5507,Baixo,2198.5833333333335
330460,Santa Maria Madalena,2017,0.5081,Baixo,0.4456,Baixo,0.5229,Baixo,0.5558,Baixo,1984.6666666666667
330460,Santa Maria Madalena,2018,0.465,Baixo,0.4629,Baixo,0.3818,Crítico,0.5504,Baixo,1855.1666666666667
330460,Santa Maria Madalena,2019,0.4767,Baixo,0.5819,Baixo,0.294,Crítico,0.5543,Baixo,1762.9166666666667
330460,Santa Maria Madalena,2020,0.4939,Baixo,0.5045,Baixo,0.4686,Baixo,0.5085,Baixo,1800.1666666666667
330460,Santa Maria Madalena,2021,0.5406,Baixo,0.5417,Baixo,0.547,Baixo,0.5331,Baixo,1849.1
330460,Santa Maria Madalena,2022,0.5869,Baixo,0.5732,Baixo,0.6369,Moderado,0.5507,Baixo,
330460,Santa Maria Madalena,2023,0.5731,Baixo,0.633,Moderado,0.5391,Baixo,0.5472,Baixo,2319.0
330470,Santo Antônio de Pádua,2013,0.5214,Baixo,0.5639,Baixo,0.3292,Crítico,0.6712,Moderado,6919.0
330470,Santo Antônio de Pádua,2014,0.6058,Moderado,0.5938,Baixo,0.5368,Baixo,0.6867,Moderado,6971.75
330470,Santo Antônio de Pádua,2015,0.6073,Moderado,0.6771,Moderado,0.4588,Baixo,0.6859,Moderado,7293.666666666667
330470,Santo Antônio de Pádua,2016,0.5631,Baixo,0.6417,Moderado,0.3976,Crítico,0.65,Moderado,7377.416666666667
330470,Santo Antônio de Pádua,2017,0.625,Moderado,0.6503,Moderado,0.5978,Baixo,0.6269,Moderado,6309.583333333333
330470,Santo Antônio de Pádua,2018,0.5796,Baixo,0.6125,Moderado,0.5028,Baixo,0.6236,Moderado,5611.083333333333
330470,Santo Antônio de Pádua,2019,0.6039,Moderado,0.6675,Moderado,0.5092,Baixo,0.6349,Moderado,5428.666666666667
330470,Santo Antônio de Pádua,2020,0.5898,Baixo,0.6475,Moderado,0.4852,Baixo,0.6368,Moderado,5543.416666666667
330470,Santo Antônio de Pádua,2021,0.6019,Moderado,0.6667,Moderado,0.5033,Baixo,0.6357,Moderado,5725.1
330470,Santo Antônio de Pádua,2022,0.6232,Moderado,0.7074,Moderado,0.4766,Baixo,0.6857,Moderado,
330470,Santo Antônio de Pádua,2023,0.6184,Moderado,0.7265,Moderado,0.4346,Baixo,0.6942,Moderado,8815.3
330475,São Francisco de Itabapoana,2013,0.4402,Baixo,0.3731,Crítico,0.465,Baixo,0.4825,Baixo,17578.0
330475,São Francisco de Itabapoana,2014,0.4175,Baixo,0.3802,Crítico,0.4169,Baixo,0.4553,Baixo,16916.666666666668
330475,São Francisco de Itabapoana,2015,0.4425,Baixo,0.3805,Crítico,0.5362,Baixo,0.4107,Baixo,16370.833333333334
330475,São Francisco de Itabapoana,2016,0.4068,Baixo,0.338,Crítico,0.4778,Baixo,0.4046,Baixo,14909.083333333334
330475,São Francisco de Itabapoana,2017,0.4244,Baixo,0.3954,Crítico,0.488,Baixo,0.3899,Crítico,13807.083333333334
330475,São Francisco de Itabapoana,2018,0.453,Baixo,0.3842,Crítico,0.5513,Baixo,0.4234,Baixo,14653.75
330475,São Francisco de Itabapoana,2019,0.45,Baixo,0.458,Baixo,0.4682,Baixo,0.4238,Baixo,15500.833333333334
330475,São Francisco de Itabapoana,2020,0.4589,Baixo,0.4493,Baixo,0.4946,Baixo,0.4327,Baixo,16138.0
330475,São Francisco de Itabapoana,2021,0.4719,Baixo,0.4775,Baixo,0.4552,Baixo,0.483,Baixo,16405.7
330475,São Francisco de Itabapoana,2022,0.4822,Baixo,0.567,Baixo,0.4306,Baixo,0.4491,Baixo,
330475,São Francisco de Itabapoana,2023,0.5084,Baixo,0.5524,Baixo,0.4156,Baixo,0.5573,Baixo,19683.7
330480,São Fidélis,2013,0.4651,Baixo,0.5362,Baixo,0.3601,Crítico,0.4991,Baixo,10792.0
330480,São Fidélis,2014,0.4611,Baixo,0.5636,Baixo,0.2838,Crítico,0.5358,Baixo,10860.416666666666
330480,São Fidélis,2015,0.454,Baixo,0.5195,Baixo,0.3195,Crítico,0.523,Baixo,10688.083333333334
330480,São Fidélis,2016,0.4676,Baixo,0.5107,Baixo,0.3795,Crítico,0.5127,Baixo,10497.75
330480,São Fidélis,2017,0.4818,Baixo,0.5592,Baixo,0.3883,Crítico,0.4978,Baixo,9795.333333333334
330480,São Fidélis,2018,0.4755,Baixo,0.5336,Baixo,0.4058,Baixo,0.4872,Baixo,9732.833333333334
330480,São Fidélis,2019,0.4918,Baixo,0.5771,Baixo,0.4025,Baixo,0.4959,Baixo,9492.916666666666
330480,São Fidélis,2020,0.5055,Baixo,0.5999,Baixo,0.4288,Baixo,0.4878,Baixo,9371.166666666666
330480,São Fidélis,2021,0.4761,Baixo,0.5886,Baixo,0.3568,Crítico,0.4828,Baixo,9184.2
330480,São Fidélis,2022,0.5382,Baixo,0.6516,Moderado,0.4289,Baixo,0.5341,Baixo,
330480,São Fidélis,2023,0.5384,Baixo,0.6458,Moderado,0.4615,Baixo,0.508,Baixo,11235.0
330490,São Gonçalo,2013,0.4769,Baixo,0.3799,Crítico,0.4201,Baixo,0.6306,Moderado,189701.0
330490,São Gonçalo,2014,0.4766,Baixo,0.3644,Crítico,0.4189,Baixo,0.6465,Moderado,190068.25
330490,São Gonçalo,2015,0.4802,Baixo,0.3671,Crítico,0.4623,Baixo,0.6113,Moderado,182354.25
330490,São Gonçalo,2016,0.4501,Baixo,0.3376,Crítico,0.4487,Baixo,0.5641,Baixo,176469.66666666666
330490,São Gonçalo,2017,0.4699,Baixo,0.3923,Crítico,0.4751,Baixo,0.5424,Baixo,163281.25
330490,São Gonçalo,2018,0.4765,Baixo,0.3693,Crítico,0.5245,Baixo,0.5357,Baixo,167401.41666666666
330490,São Gonçalo,2019,0.4812,Baixo,0.3896,Crítico,0.5174,Baixo,0.5365,Baixo,155876.25
330490,São Gonçalo,2020,0.464,Baixo,0.3852,Crítico,0.4702,Baixo,0.5367,Baixo,158442.08333333334
330490,São Gonçalo,2021,0.4854,Baixo,0.4196,Baixo,0.4791,Baixo,0.5575,Baixo,160098.1
330490,São Gonçalo,2022,0.481,Baixo,0.4345,Baixo,0.4388,Baixo,0.5696,Baixo,
330490,São Gonçalo,2023,0.4805,Baixo,0.4312,Baixo,0.4454,Baixo,0.5649,Baixo,206870.6
330500,São João da Barra,2013,0.538,Baixo,0.4841,Baixo,0.4273,Baixo,0.7027,Moderado,10263.0
330500,São João da Barra,2014,0.5771,Baixo,0.5,Baixo,0.5426,Baixo,0.6888,Moderado,10672.416666666666
330500,São João da Barra,2015,0.5727,Baixo,0.5079,Baixo,0.5255,Baixo,0.6846,Moderado,10513.583333333334
330500,São João da Barra,2016,0.5531,Baixo,0.4713,Baixo,0.5568,Baixo,0.6313,Moderado,9973.75
330500,São João da Barra,2017,0.5621,Baixo,0.5169,Baixo,0.5029,Baixo,0.6664,Moderado,8838.5
330500,São João da Barra,2018,0.6095,Moderado,0.5239,Baixo,0.5905,Baixo,0.7141,Moderado,10171.083333333334
330500,São João da Barra,2019,0.6173,Moderado,0.5639,Baixo,0.5736,Baixo,0.7143,Moderado,10562.083333333334
330500,São João da Barra,2020,0.6231,Moderado,0.5812,Baixo,0.5796,Baixo,0.7086,Moderado,10190.0
330500,São João da Barra,2021,0.6268,Moderado,0.5578,Baixo,0.5946,Baixo,0.7279,Moderado,10009.7
330500,São João da Barra,2022,0.6225,Moderado,0.5612,Baixo,0.571,Baixo,0.7354,Moderado,
330500,São João da Barra,2023,0.6217,Moderado,0.589,Baixo,0.526,Baixo,0.7502,Moderado,15507.6
330510,São João de Meriti,2013,0.4736,Baixo,0.3571,Crítico,0.4368,Baixo,0.6269,Moderado,83442.0
330510,São João de Meriti,2014,0.4674,Baixo,0.355,Crítico,0.4075,Baixo,0.6398,Moderado,80405.25
330510,São João de Meriti,2015,0.4834,Baixo,0.3877,Crítico,0.4426,Baixo,0.6199,Moderado,79015.41666666667
330510,São João de Meriti,2016,0.4696,Baixo,0.3527,Crítico,0.4843,Baixo,0.5718,Baixo,69469.08333333333
330510,São João de Meriti,2017,0.46,Baixo,0.3859,Crítico,0.4588,Baixo,0.5354,Baixo,58160.25
330510,São João de Meriti,2018,0.4591,Baixo,0.3644,Crítico,0.4737,Baixo,0.5393,Baixo,56020.5
330510,São João de Meriti,2019,0.4551,Baixo,0.3884,Crítico,0.4336,Baixo,0.5432,Baixo,51417.583333333336
330510,São João de Meriti,2020,0.4522,Baixo,0.3865,Crítico,0.4463,Baixo,0.5239,Baixo,56336.333333333336
330510,São João de Meriti,2021,0.4647,Baixo,0.4102,Baixo,0.4346,Baixo,0.5492,Baixo,60393.4
330510,São João de Meriti,2022,0.469,Baixo,0.4284,Baixo,0.4086,Baixo,0.5701,Baixo,
330510,São João de Meriti,2023,0.5008,Baixo,0.458,Baixo,0.4605,Baixo,0.5838,Baixo,98668.5
330513,São José de Ubá,2013,0.5102,Baixo,0.4639,Baixo,0.5977,Baixo,0.4691,Baixo,2949.0
330513,São José de Ubá,2014,0.5432,Baixo,0.5018,Baixo,0.6601,Moderado,0.4677,Baixo,3019.6666666666665
330513,São José de Ubá,2015,0.5764,Baixo,0.5762,Baixo,0.6548,Moderado,0.4983,Baixo,2885.75
330513,São José de Ubá,2016,0.548,Baixo,0.5673,Baixo,0.5919,Baixo,0.4849,Baixo,2392.5
330513,São José de Ubá,2017,0.5401,Baixo,0.5508,Baixo,0.5772,Baixo,0.4923,Baixo,2080.0
330513,São José de Ubá,2018,0.5217,Baixo,0.5422,Baixo,0.5086,Baixo,0.5142,Baixo,1804.75
330513,São José de Ubá,2019,0.5904,Baixo,0.6376,Moderado,0.6311,Moderado,0.5025,Baixo,1839.0
330513,São José de Ubá,2020,0.5829,Baixo,0.6169,Moderado,0.6305,Moderado,0.5014,Baixo,1844.9166666666667
330513,São José de Ubá,2021,0.4867,Baixo,0.5949,Baixo,0.3683,Crítico,0.4969,Baixo,1898.0
330513,São José de Ubá,2022,0.5283,Baixo,0.6166,Moderado,0.4652,Baixo,0.503,Baixo,
330513,São José de Ubá,2023,0.566,Baixo,0.6532,Moderado,0.534,Baixo,0.5108,Baixo,2358.4
330515,São José do Vale do Rio Preto,2013,0.5128,Baixo,0.372,Crítico,0.5634,Baixo,0.6029,Moderado,5889.0
330515,São José do Vale do Rio Preto,2014,0.5044,Baixo,0.3647,Crítico,0.5246,Baixo,0.6239,Moderado,6197.666666666667
330515,São José do Vale do Rio Preto,2015,0.5352,Baixo,0.4482,Baixo,0.5154,Baixo,0.6419,Moderado,6046.166666666667
330515,São José do Vale do Rio Preto,2016,0.5674,Baixo,0.4085,Baixo,0.6487,Moderado,0.6449,Moderado,5263.666666666667
330515,São José do Vale do Rio Preto,2017,0.5741,Baixo,0.4516,Baixo,0.6321,Moderado,0.6387,Moderado,4181.5
330515,São José do Vale do Rio Preto,2018,0.535,Baixo,0.4154,Baixo,0.5359,Baixo,0.6536,Moderado,3923.75
330515,São José do Vale do Rio Preto,2019,0.5647,Baixo,0.4384,Baixo,0.5829,Baixo,0.6727,Moderado,3569.75
330515,São José do Vale do Rio Preto,2020,0.5854,Baixo,0.4569,Baixo,0.6077,Moderado,0.6915,Moderado,3691.4166666666665
330515,São José do Vale do Rio Preto,2021,0.603,Moderado,0.5061,Baixo,0.5954,Baixo,0.7074,Moderado,4013.4
330515,São José do Vale do Rio Preto,2022,0.6074,Moderado,0.4951,Baixo,0.5945,Baixo,0.7327,Moderado,
330515,São José do Vale do Rio Preto,2023,0.6034,Moderado,0.5199,Baixo,0.5526,Baixo,0.7378,Moderado,5116.9
330520,São Pedro da Aldeia,2013,0.5137,Baixo,0.3682,Crítico,0.5616,Baixo,0.6114,Moderado,20790.0
330520,São Pedro da Aldeia,2014,0.5239,Baixo,0.393,Crítico,0.5255,Baixo,0.6532,Moderado,20699.0
330520,São Pedro da Aldeia,2015,0.5283,Baixo,0.4001,Baixo,0.5322,Baixo,0.6525,Moderado,19766.416666666668
330520,São Pedro da Aldeia,2016,0.5131,Baixo,0.3829,Crítico,0.5457,Baixo,0.6108,Moderado,18342.333333333332
330520,São Pedro da Aldeia,2017,0.5335,Baixo,0.4513,Baixo,0.5408,Baixo,0.6084,Moderado,15830.25
330520,São Pedro da Aldeia,2018,0.5113,Baixo,0.4307,Baixo,0.4771,Baixo,0.626,Moderado,15809.083333333334
330520,São Pedro da Aldeia,2019,0.5101,Baixo,0.4357,Baixo,0.4495,Baixo,0.645,Moderado,15898.25
330520,São Pedro da Aldeia,2020,0.5475,Baixo,0.4854,Baixo,0.5248,Baixo,0.6324,Moderado,16780.583333333332
330520,São Pedro da Aldeia,2021,0.5627,Baixo,0.4953,Baixo,0.5082,Baixo,0.6845,Moderado,16959.1
330520,São Pedro da Aldeia,2022,0.568,Baixo,0.5118,Baixo,0.5189,Baixo,0.6733,Moderado,
330520,São Pedro da Aldeia,2023,0.5792,Baixo,0.519,Baixo,0.5614,Baixo,0.6571,Moderado,27446.7
330530,São Sebastião do Alto,2013,0.4303,Baixo,0.4801,Baixo,0.3482,Crítico,0.4626,Baixo,2792.0
330530,São Sebastião do Alto,2014,0.4545,Baixo,0.4459,Baixo,0.4576,Baixo,0.46,Baixo,2860.0
330530,São Sebastião do Alto,2015,0.4802,Baixo,0.4958,Baixo,0.4704,Baixo,0.4743,Baixo,2754.5
330530,São Sebastião do Alto,2016,0.4878,Baixo,0.5603,Baixo,0.4232,Baixo,0.4798,Baixo,2474.25
330530,São Sebastião do Alto,2017,0.4998,Baixo,0.511,Baixo,0.5064,Baixo,0.482,Baixo,2251.5
330530,São Sebastião do Alto,2018,0.4707,Baixo,0.502,Baixo,0.4341,Baixo,0.476,Baixo,2089.75
330530,São Sebastião do Alto,2019,0.5071,Baixo,0.5983,Baixo,0.424,Baixo,0.499,Baixo,2014.5
330530,São Sebastião do Alto,2020,0.5038,Baixo,0.5833,Baixo,0.4443,Baixo,0.4838,Baixo,2045.4166666666667
330530,São Sebastião do Alto,2021,0.4825,Baixo,0.5922,Baixo,0.3765,Crítico,0.4787,Baixo,2105.3
330530,São Sebastião do Alto,2022,0.5172,Baixo,0.6256,Moderado,0.4184,Baixo,0.5076,Baixo,
330530,São Sebastião do Alto,2023,0.5392,Baixo,0.5789,Baixo,0.5252,Baixo,0.5134,Baixo,2428.8
330540,Sapucaia,2013,0.5405,Baixo,0.3593,Crítico,0.5809,Baixo,0.6812,Moderado,5135.0
330540,Sapucaia,2014,0.5019,Baixo,0.3645,Crítico,0.4692,Baixo,0.672,Moderado,4758.75
330540,Sapucaia,2015,0.4768,Baixo,0.3433,Crítico,0.4259,Baixo,0.6613,Moderado,4391.416666666667
330540,Sapucaia,2016,0.5466,Baixo,0.4082,Baixo,0.5663,Baixo,0.6654,Moderado,4186.166666666667
330540,Sapucaia,2017,0.5772,Baixo,0.4331,Baixo,0.5831,Baixo,0.7154,Moderado,3686.3333333333335
330540,Sapucaia,2018,0.5987,Baixo,0.4379,Baixo,0.5861,Baixo,0.772,Moderado,3604.8333333333335
330540,Sapucaia,2019,0.6059,Moderado,0.5076,Baixo,0.5467,Baixo,0.7635,Moderado,3427.8333333333335
330540,Sapucaia,2020,0.6559,Moderado,0.5146,Baixo,0.7037,Moderado,0.7494,Moderado,3610.3333333333335
330540,Sapucaia,2021,0.6162,Moderado,0.5367,Baixo,0.58,Baixo,0.7318,Moderado,3725.9
330540,Sapucaia,2022,0.6587,Moderado,0.5568,Baixo,0.6883,Moderado,0.7311,Moderado,
330540,Sapucaia,2023,0.6445,Moderado,0.6004,Moderado,0.5852,Baixo,0.7479,Moderado,5341.2
330550,Saquarema,2013,0.541,Baixo,0.383,Crítico,0.4621,Baixo,0.778,Moderado,18135.0
330550,Saquarema,2014,0.5781,Baixo,0.4266,Baixo,0.44,Baixo,0.8677,Alto,17579.166666666668
330550,Saquarema,2015,0.5619,Baixo,0.4691,Baixo,0.4136,Baixo,0.8031,Alto,16889.166666666668
330550,Saquarema,2016,0.5324,Baixo,0.4497,Baixo,0.4625,Baixo,0.685,Moderado,15350.25
330550,Saquarema,2017,0.5426,Baixo,0.4627,Baixo,0.5111,Baixo,0.654,Moderado,12516.666666666666
330550,Saquarema,2018,0.5105,Baixo,0.4802,Baixo,0.4469,Baixo,0.6044,Moderado,11841.916666666666
330550,Saquarema,2019,0.5554,Baixo,0.5644,Baixo,0.5003,Baixo,0.6014,Moderado,11789.5
330550,Saquarema,2020,0.5424,Baixo,0.5541,Baixo,0.4837,Baixo,0.5895,Baixo,12372.416666666666
330550,Saquarema,2021,0.5964,Baixo,0.5589,Baixo,0.5945,Baixo,0.6359,Moderado,13321.8
330550,Saquarema,2022,0.6183,Moderado,0.6165,Moderado,0.5884,Baixo,0.6499,Moderado,
330550,Saquarema,2023,0.6389,Moderado,0.6261,Moderado,0.5963,Baixo,0.6944,Moderado,26354.0
330555,Seropédica,2013,0.5463,Baixo,0.463,Baixo,0.5216,Baixo,0.6544,Moderado,20324.0
330555,Seropédica,2014,0.5449,Baixo,0.473,Baixo,0.481,Baixo,0.6807,Moderado,20640.833333333332
330555,Seropédica,2015,0.5485,Baixo,0.4805,Baixo,0.4801,Baixo,0.6849,Moderado,20024.083333333332
330555,Seropédica,2016,0.5172,Baixo,0.4377,Baixo,0.4522,Baixo,0.6616,Moderado,18613.583333333332
330555,Seropédica,2017,0.5055,Baixo,0.4111,Baixo,0.4604,Baixo,0.6451,Moderado,17108.833333333332
330555,Seropédica,2018,0.5081,Baixo,0.4073,Baixo,0.4552,Baixo,0.6617,Moderado,19655.333333333332
330555,Seropédica,2019,0.4959,Baixo,0.439,Baixo,0.3956,Crítico,0.653,Moderado,22425.916666666668
330555,Seropédica,2020,0.519,Baixo,0.451,Baixo,0.435,Baixo,0.6709,Moderado,21942.25
330555,Seropédica,2021,0.5473,Baixo,0.4863,Baixo,0.4835,Baixo,0.6721,Moderado,21602.4
330555,Seropédica,2022,0.5436,Baixo,0.509,Baixo,0.4483,Baixo,0.6736,Moderado,
330555,Seropédica,2023,0.585,Baixo,0.5206,Baixo,0.5658,Baixo,0.6686,Moderado,35645.4
330560,Silva Jardim,2013,0.4775,Baixo,0.4,Baixo,0.4498,Baixo,0.5828,Baixo,8614.0
330560,Silva Jardim,2014,0.4941,Baixo,0.3993,Crítico,0.4839,Baixo,0.5991,Baixo,8641.0
330560,Silva Jardim,2015,0.5085,Baixo,0.4078,Baixo,0.4838,Baixo,0.6339,Moderado,8402.75
330560,Silva Jardim,2016,0.5323,Baixo,0.4199,Baixo,0.6208,Moderado,0.5562,Baixo,8103.166666666667
330560,Silva Jardim,2017,0.5374,Baixo,0.4944,Baixo,0.5624,Baixo,0.5554,Baixo,7349.25
330560,Silva Jardim,2018,0.5421,Baixo,0.4331,Baixo,0.5997,Baixo,0.5936,Baixo,7044.083333333333
330560,Silva Jardim,2019,0.5416,Baixo,0.4891,Baixo,0.5431,Baixo,0.5927,Baixo,6608.583333333333
330560,Silva Jardim,2020,0.5693,Baixo,0.5205,Baixo,0.5895,Baixo,0.5979,Baixo,6643.416666666667
330560,Silva Jardim,2021,0.5384,Baixo,0.5192,Baixo,0.4991,Baixo,0.597,Baixo,6561.0
330560,Silva Jardim,2022,0.5809,Baixo,0.5282,Baixo,0.5819,Baixo,0.6326,Moderado,
330560,Silva Jardim,2023,0.6378,Moderado,0.5769,Baixo,0.6631,Moderado,0.6734,Moderado,7653.9
330570,Sumidouro,2013,0.439,Baixo,0.4223,Baixo,0.4148,Baixo,0.4799,Baixo,5903.0
330570,Sumidouro,2014,0.4758,Baixo,0.4121,Baixo,0.517,Baixo,0.4982,Baixo,5738.916666666667
330570,Sumidouro,2015,0.4306,Baixo,0.4179,Baixo,0.3779,Crítico,0.4959,Baixo,5577.0
330570,Sumidouro,2016,0.4319,Baixo,0.3907,Crítico,0.4291,Baixo,0.476,Baixo,5708.083333333333
330570,Sumidouro,2017,0.4643,Baixo,0.4209,Baixo,0.4933,Baixo,0.4786,Baixo,5187.166666666667
330570,Sumidouro,2018,0.4785,Baixo,0.4185,Baixo,0.5015,Baixo,0.5154,Baixo,4999.333333333333
330570,Sumidouro,2019,0.4889,Baixo,0.454,Baixo,0.4938,Baixo,0.5189,Baixo,4857.0
330570,Sumidouro,2020,0.4786,Baixo,0.489,Baixo,0.4261,Baixo,0.5206,Baixo,4930.75
330570,Sumidouro,2021,0.5234,Baixo,0.5169,Baixo,0.4904,Baixo,0.5628,Baixo,4872.2
330570,Sumidouro,2022,0.5103,Baixo,0.543,Baixo,0.4305,Baixo,0.5574,Baixo,
330570,Sumidouro,2023,0.593,Baixo,0.5546,Baixo,0.6601,Moderado,0.5643,Baixo,6907.3
330575,Tanguá,2013,0.4282,Baixo,0.3289,Crítico,0.3726,Crítico,0.5832,Baixo,10248.0
330575,Tanguá,2014,0.4982,Baixo,0.3519,Crítico,0.564,Baixo,0.5786,Baixo,10206.416666666666
330575,Tanguá,2015,0.4618,Baixo,0.382,Crítico,0.4654,Baixo,0.5381,Baixo,9765.916666666666
330575,Tanguá,2016,0.4684,Baixo,0.3739,Crítico,0.5286,Baixo,0.5026,Baixo,9072.333333333334
330575,Tanguá,2017,0.4803,Baixo,0.4396,Baixo,0.5197,Baixo,0.4817,Baixo,8917.5
330575,Tanguá,2018,0.4776,Baixo,0.4238,Baixo,0.5196,Baixo,0.4895,Baixo,9514.166666666666
330575,Tanguá,2019,0.4769,Baixo,0.4415,Baixo,0.4923,Baixo,0.497,Baixo,9349.833333333334
330575,Tanguá,2020,0.5023,Baixo,0.4837,Baixo,0.5278,Baixo,0.4955,Baixo,9217.416666666666
330575,Tanguá,2021,0.5073,Baixo,0.5198,Baixo,0.4809,Baixo,0.5213,Baixo,9158.4
330575,Tanguá,2022,0.5199,Baixo,0.4939,Baixo,0.5098,Baixo,0.5559,Baixo,
330575,Tanguá,2023,0.5343,Baixo,0.5023,Baixo,0.5495,Baixo,0.551,Baixo,12797.6
330580,Teresópolis,2013,0.6429,Moderado,0.5286,Baixo,0.608,Moderado,0.792,Moderado,26586.0
330580,Teresópolis,2014,0.657,Moderado,0.529,Baixo,0.6201,Moderado,0.822,Alto,24937.833333333332
330580,Teresópolis,2015,0.6496,Moderado,0.5332,Baixo,0.6247,Moderado,0.7909,Moderado,24593.25
330580,Teresópolis,2016,0.6335,Moderado,0.5137,Baixo,0.6299,Moderado,0.7568,Moderado,20909.75
330580,Teresópolis,2017,0.6368,Moderado,0.5449,Baixo,0.637,Moderado,0.7286,Moderado,17802.916666666668
330580,Teresópolis,2018,0.6384,Moderado,0.5369,Baixo,0.6547,Moderado,0.7235,Moderado,16826.916666666668
330580,Teresópolis,2019,0.6556,Moderado,0.5599,Baixo,0.6786,Moderado,0.7283,Moderado,18274.666666666668
330580,Teresópolis,2020,0.6622,Moderado,0.5814,Baixo,0.6801,Moderado,0.7251,Moderado,20861.833333333332
330580,Teresópolis,2021,0.6851,Moderado,0.5871,Baixo,0.6954,Moderado,0.7728,Moderado,24139.4
330580,Teresópolis,2022,0.6999,Moderado,0.6352,Moderado,0.6861,Moderado,0.7783,Moderado,
330580,Teresópolis,2023,0.7321,Moderado,0.6491,Moderado,0.7522,Moderado,0.7951,Moderado,41413.0
330590,Trajano de Moraes,2013,0.4588,Baixo,0.4658,Baixo,0.448,Baixo,0.4627,Baixo,3430.0
330590,Trajano de Moraes,2014,0.448,Baixo,0.5,Baixo,0.3629,Crítico,0.4812,Baixo,3483.8333333333335
330590,Trajano de Moraes,2015,0.4833,Baixo,0.5246,Baixo,0.4354,Baixo,0.49,Baixo,3430.6666666666665
330590,Trajano de Moraes,2016,0.4954,Baixo,0.5259,Baixo,0.4666,Baixo,0.4936,Baixo,3269.5833333333335
330590,Trajano de Moraes,2017,0.4452,Baixo,0.5179,Baixo,0.3519,Crítico,0.4657,Baixo,3153.0833333333335
330590,Trajano de Moraes,2018,0.4584,Baixo,0.4884,Baixo,0.4192,Baixo,0.4676,Baixo,2968.0833333333335
330590,Trajano de Moraes,2019,0.4709,Baixo,0.5603,Baixo,0.38,Crítico,0.4725,Baixo,2733.5
330590,Trajano de Moraes,2020,0.4378,Baixo,0.5411,Baixo,0.3245,Crítico,0.4477,Baixo,2628.1666666666665
330590,Trajano de Moraes,2021,0.4808,Baixo,0.5559,Baixo,0.4172,Baixo,0.4693,Baixo,2714.5
330590,Trajano de Moraes,2022,0.5038,Baixo,0.5622,Baixo,0.4607,Baixo,0.4885,Baixo,
330590,Trajano de Moraes,2023,0.5452,Baixo,0.6153,Moderado,0.5529,Baixo,0.4673,Baixo,3147.0
330600,Três Rios,2013,0.6118,Moderado,0.477,Baixo,0.4696,Baixo,0.8888,Alto,17169.0
330600,Três Rios,2014,0.6457,Moderado,0.5155,Baixo,0.5458,Baixo,0.8757,Alto,17468.833333333332
330600,Três Rios,2015,0.636,Moderado,0.5131,Baixo,0.5767,Baixo,0.8183,Alto,17167.083333333332
330600,Três Rios,2016,0.6118,Moderado,0.4973,Baixo,0.5597,Baixo,0.7784,Moderado,17822.083333333332
330600,Três Rios,2017,0.6282,Moderado,0.5193,Baixo,0.6163,Moderado,0.7491,Moderado,16595.833333333332
330600,Três Rios,2018,0.632,Moderado,0.525,Baixo,0.6102,Moderado,0.7609,Moderado,16650.166666666668
330600,Três Rios,2019,0.6448,Moderado,0.5869,Baixo,0.578,Baixo,0.7696,Moderado,16446.916666666668
330600,Três Rios,2020,0.634,Moderado,0.5837,Baixo,0.5558,Baixo,0.7624,Moderado,16335.583333333334
330600,Três Rios,2021,0.6604,Moderado,0.5766,Baixo,0.6368,Moderado,0.7679,Moderado,16236.6
330600,Três Rios,2022,0.6544,Moderado,0.5832,Baixo,0.6114,Moderado,0.7686,Moderado,
330600,Três Rios,2023,0.6908,Moderado,0.6365,Moderado,0.6552,Moderado,0.7807,Moderado,23539.7
330610,Valença,2013,0.5212,Baixo,0.4318,Baixo,0.5235,Baixo,0.6084,Moderado,17865.0
330610,Valença,2014,0.5396,Baixo,0.4344,Baixo,0.5602,Baixo,0.6243,Moderado,18170.0
330610,Valença,2015,0.5596,Baixo,0.4288,Baixo,0.6353,Moderado,0.6148,Moderado,17729.333333333332
330610,Valença,2016,0.5565,Baixo,0.4346,Baixo,0.6445,Moderado,0.5904,Baixo,17411.583333333332
330610,Valença,2017,0.5632,Baixo,0.4784,Baixo,0.6182,Moderado,0.5931,Baixo,15699.75
330610,Valença,2018,0.5678,Baixo,0.4777,Baixo,0.62,Moderado,0.6056,Moderado,15370.083333333334
330610,Valença,2019,0.6147,Moderado,0.5216,Baixo,0.7153,Moderado,0.6072,Moderado,15117.333333333334
330610,Valença,2020,0.6267,Moderado,0.5344,Baixo,0.7482,Moderado,0.5974,Baixo,15388.083333333334
330610,Valença,2021,0.6295,Moderado,0.5021,Baixo,0.78,Moderado,0.6063,Moderado,15465.9
330610,Valença,2022,0.6525,Moderado,0.5605,Baixo,0.7626,Moderado,0.6344,Moderado,
330610,Valença,2023,0.6561,Moderado,0.5647,Baixo,0.7466,Moderado,0.6569,Moderado,19185.6
330615,Varre-Sai,2013,0.3821,Crítico,0.3664,Crítico,0.332,Crítico,0.4478,Baixo,3994.0
330615,Varre-Sai,2014,0.4602,Baixo,0.3995,Crítico,0.5164,Baixo,0.4647,Baixo,4066.8333333333335
330615,Varre-Sai,2015,0.4158,Baixo,0.4391,Baixo,0.3621,Crítico,0.4461,Baixo,4037.25
330615,Varre-Sai,2016,0.4514,Baixo,0.4057,Baixo,0.5114,Baixo,0.437,Baixo,3755.6666666666665
330615,Varre-Sai,2017,0.4333,Baixo,0.4279,Baixo,0.42,Baixo,0.452,Baixo,3363.8333333333335
330615,Varre-Sai,2018,0.4275,Baixo,0.3919,Crítico,0.4281,Baixo,0.4624,Baixo,3503.8333333333335
330615,Varre-Sai,2019,0.5032,Baixo,0.533,Baixo,0.5047,Baixo,0.4718,Baixo,3753.5
330615,Varre-Sai,2020,0.4917,Baixo,0.4882,Baixo,0.5287,Baixo,0.4582,Baixo,3580.5
330615,Varre-Sai,2021,0.5499,Baixo,0.4925,Baixo,0.6805,Moderado,0.4768,Baixo,3504.8
330615,Varre-Sai,2022,0.5032,Baixo,0.5367,Baixo,0.5004,Baixo,0.4726,Baixo,
330615,Varre-Sai,2023,0.5276,Baixo,0.5534,Baixo,0.5332,Baixo,0.4962,Baixo,4599.1
330620,Vassouras,2013,0.5805,Baixo,0.4449,Baixo,0.5811,Baixo,0.7156,Moderado,7213.0
330620,Vassouras,2014,0.5859,Baixo,0.4504,Baixo,0.5878,Baixo,0.7196,Moderado,6695.0
330620,Vassouras,2015,0.6007,Moderado,0.4502,Baixo,0.6131,Moderado,0.7387,Moderado,6847.916666666667
330620,Vassouras,2016,0.5744,Baixo,0.4219,Baixo,0.5954,Baixo,0.706,Moderado,6505.416666666667
330620,Vassouras,2017,0.6098,Moderado,0.4397,Baixo,0.6925,Moderado,0.6971,Moderado,5652.166666666667
330620,Vassouras,2018,0.6214,Moderado,0.4317,Baixo,0.7401,Moderado,0.6923,Moderado,5427.666666666667
330620,Vassouras,2019,0.611,Moderado,0.4862,Baixo,0.6466,Moderado,0.7001,Moderado,5307.666666666667
330620,Vassouras,2020,0.6367,Moderado,0.5131,Baixo,0.6954,Moderado,0.7015,Moderado,5510.833333333333
330620,Vassouras,2021,0.6354,Moderado,0.5186,Baixo,0.6738,Moderado,0.7139,Moderado,5784.0
330620,Vassouras,2022,0.6649,Moderado,0.5421,Baixo,0.7114,Moderado,0.7412,Moderado,
330620,Vassouras,2023,0.6851,Moderado,0.5624,Baixo,0.7313,Moderado,0.7617,Moderado,8653.9
330630,Volta Redonda,2013,0.6923,Moderado,0.5477,Baixo,0.6679,Moderado,0.8613,Alto,36716.0
330630,Volta Redonda,2014,0.7143,Moderado,0.5422,Baixo,0.7348,Moderado,0.8658,Alto,35235.416666666664
330630,Volta Redonda,2015,0.7075,Moderado,0.5585,Baixo,0.7361,Moderado,0.8279,Alto,33931.583333333336
330630,Volta Redonda,2016,0.6775,Moderado,0.5405,Baixo,0.7139,Moderado,0.7781,Moderado,35145.25
330630,Volta Redonda,2017,0.6931,Moderado,0.5711,Baixo,0.729,Moderado,0.7791,Moderado,34389.166666666664
330630,Volta Redonda,2018,0.6834,Moderado,0.5701,Baixo,0.6834,Moderado,0.7966,Moderado,35152.166666666664
330630,Volta Redonda,2019,0.7111,Moderado,0.619,Moderado,0.6856,Moderado,0.8287,Alto,33709.75
330630,Volta Redonda,2020,0.6817,Moderado,0.5963,Baixo,0.6435,Moderado,0.8053,Alto,32862.666666666664
330630,Volta Redonda,2021,0.7142,Moderado,0.6287,Moderado,0.6597,Moderado,0.8542,Alto,32883.6
330630,Volta Redonda,2022,0.728,Moderado,0.6521,Moderado,0.6879,Moderado,0.8441,Alto,
330630,Volta Redonda,2023,0.7556,Moderado,0.692,Moderado,0.7182,Moderado,0.8565,Alto,51017.1
